,fixed acidity,volatile acidity,citric acid,residual sugar,chlorides,free sulfur dioxide,total sulfur dioxide,pH,sulphates,alcohol,quality
0,7.4,0.7,0.0,1.9,0.076,11.0,34.0,3.51,0.56,9.4,5.0
1,7.8,0.88,0.0,2.6,0.098,25.0,67.0,3.2,0.68,9.8,5.0
2,7.8,0.76,0.04,2.3,0.092,15.0,54.0,3.26,0.65,9.8,5.0
3,11.2,0.28,0.56,1.9,0.075,17.0,60.0,3.16,0.58,9.8,6.0
4,7.4,0.7,0.0,1.9,0.076,11.0,34.0,3.51,0.56,9.4,5.0
5,7.4,0.66,0.0,1.8,0.075,13.0,40.0,3.51,0.56,9.4,5.0
6,7.9,0.6,0.06,1.6,0.069,15.0,59.0,3.3,0.46,9.4,5.0
7,7.3,0.65,0.0,1.2,0.065,15.0,21.0,3.39,0.47,10.0,7.0
8,7.8,0.58,0.02,2.0,0.073,9.0,18.0,3.36,0.57,9.5,7.0
9,6.7,0.58,0.08,1.8,0.0969999999999999,15.0,65.0,3.28,0.54,9.2,5.0
10,5.6,0.615,0.0,1.6,0.089,16.0,59.0,3.58,0.52,9.9,5.0
11,8.5,0.28,0.56,1.8,0.092,35.0,103.0,3.3,0.75,10.5,7.0
12,8.9,0.22,0.48,1.8,0.077,29.0,60.0,3.39,0.53,9.4,6.0
13,7.6,0.39,0.31,2.3,0.0819999999999999,23.0,71.0,3.52,0.65,9.7,5.0
14,7.9,0.43,0.21,1.6,0.106,10.0,37.0,3.17,0.91,9.5,5.0
15,8.5,0.49,0.11,2.3,0.084,9.0,67.0,3.17,0.53,9.4,5.0
16,6.9,0.4,0.14,2.4,0.085,21.0,40.0,3.43,0.63,9.7,6.0
17,6.3,0.39,0.16,1.4,0.08,11.0,23.0,3.34,0.56,9.3,5.0
18,7.6,0.41,0.24,1.8,0.08,4.0,11.0,3.28,0.59,9.5,5.0
19,7.9,0.43,0.21,1.6,0.106,10.0,37.0,3.17,0.91,9.5,5.0
20,7.1,0.71,0.0,1.9,0.08,14.0,35.0,3.47,0.55,9.4,5.0
21,7.8,0.645,0.0,2.0,0.0819999999999999,8.0,16.0,3.38,0.59,9.8,6.0
22,6.7,0.675,0.07,2.4,0.089,17.0,82.0,3.35,0.54,10.1,5.0
23,6.9,0.685,0.0,2.5,0.105,22.0,37.0,3.46,0.57,10.6,6.0
24,8.3,0.655,0.12,2.3,0.083,15.0,113.0,3.17,0.66,9.8,5.0
25,5.2,0.32,0.25,1.8,0.103,13.0,50.0,3.38,0.55,9.2,5.0
26,7.8,0.6,0.14,2.4,0.086,3.0,15.0,3.42,0.6,10.8,6.0
27,8.1,0.38,0.28,2.1,0.066,13.0,30.0,3.23,0.73,9.7,7.0
28,8.8,0.61,0.3,2.8,0.088,17.0,46.0,3.26,0.51,9.3,4.0
29,6.8,0.67,0.02,1.8,0.05,5.0,11.0,3.48,0.52,9.5,5.0
30,7.7,0.935,0.43,2.2,0.114,22.0,114.0,3.25,0.73,9.2,5.0
31,8.7,0.29,0.52,1.6,0.113,12.0,37.0,3.25,0.58,9.5,5.0
32,6.4,0.4,0.23,1.6,0.066,5.0,12.0,3.34,0.56,9.2,5.0
33,5.6,0.31,0.37,1.4,0.074,12.0,96.0,3.32,0.58,9.2,5.0
34,8.8,0.66,0.26,1.7,0.074,4.0,23.0,3.15,0.74,9.2,5.0
35,6.6,0.52,0.04,2.2,0.069,8.0,15.0,3.4,0.63,9.4,6.0
36,6.6,0.5,0.04,2.1,0.068,6.0,14.0,3.39,0.64,9.4,6.0
37,8.6,0.38,0.36,3.0,0.081,30.0,119.0,3.2,0.56,9.4,5.0
38,7.6,0.51,0.15,2.8,0.11,33.0,73.0,3.17,0.63,10.2,6.0
39,10.2,0.42,0.57,3.4,0.07,4.0,10.0,3.04,0.63,9.6,5.0
40,7.8,0.59,0.18,2.3,0.076,17.0,54.0,3.43,0.59,10.0,5.0
41,7.3,0.39,0.31,2.4,0.074,9.0,46.0,3.41,0.54,9.4,6.0
42,8.8,0.4,0.4,2.2,0.079,19.0,52.0,3.44,0.64,9.2,5.0
43,7.7,0.69,0.49,1.8,0.115,20.0,112.0,3.21,0.71,9.3,5.0
44,7.5,0.52,0.16,1.9,0.085,12.0,35.0,3.38,0.62,9.5,7.0
45,7.0,0.735,0.05,2.0,0.081,13.0,54.0,3.39,0.57,9.8,5.0
46,7.5,0.52,0.11,1.5,0.079,11.0,39.0,3.42,0.58,9.6,5.0
47,6.6,0.705,0.07,1.6,0.076,6.0,15.0,3.44,0.58,10.7,5.0
48,9.3,0.32,0.57,2.0,0.074,27.0,65.0,3.28,0.79,10.7,5.0
49,8.0,0.705,0.05,1.9,0.074,8.0,19.0,3.34,0.95,10.5,6.0
50,7.7,0.63,0.08,1.9,0.076,15.0,27.0,3.32,0.54,9.5,6.0
51,7.7,0.67,0.23,2.1,0.088,17.0,96.0,3.32,0.48,9.5,5.0
52,7.7,0.69,0.22,1.9,0.084,18.0,94.0,3.31,0.48,9.5,5.0
53,8.3,0.675,0.26,2.1,0.084,11.0,43.0,3.31,0.53,9.2,4.0
54,9.7,0.32,0.54,2.5,0.094,28.0,83.0,3.28,0.82,9.6,5.0
55,8.8,0.41,0.64,2.2,0.093,9.0,42.0,3.54,0.66,10.5,5.0
56,8.8,0.41,0.64,2.2,0.093,9.0,42.0,3.54,0.66,10.5,5.0
57,6.8,0.785,0.0,2.4,0.104,14.0,30.0,3.52,0.55,10.7,6.0
58,6.7,0.75,0.12,2.0,0.086,12.0,80.0,3.38,0.52,10.1,5.0
59,6.2,0.45,0.2,1.6,0.069,3.0,15.0,3.41,0.56,9.2,5.0
60,7.4,0.5,0.47,2.0,0.086,21.0,73.0,3.36,0.57,9.1,5.0
61,6.3,0.3,0.48,1.8,0.069,18.0,61.0,3.44,0.78,10.3,6.0
62,6.9,0.55,0.15,2.2,0.076,19.0,40.0,3.41,0.59,10.1,5.0
63,7.7,0.49,0.26,1.9,0.062,9.0,31.0,3.39,0.64,9.6,5.0
64,7.0,0.62,0.08,1.8,0.076,8.0,24.0,3.48,0.53,9.0,5.0
65,7.7,0.49,0.26,1.9,0.062,9.0,31.0,3.39,0.64,9.6,5.0
66,6.8,0.775,0.0,3.0,0.102,8.0,23.0,3.45,0.56,10.7,5.0
67,7.0,0.5,0.25,2.0,0.07,3.0,22.0,3.25,0.63,9.2,5.0
68,7.6,0.9,0.06,2.5,0.079,5.0,10.0,3.39,0.56,9.8,5.0
69,8.1,0.545,0.18,1.9,0.08,13.0,35.0,3.3,0.59,9.0,6.0
70,8.3,0.61,0.3,2.1,0.084,11.0,50.0,3.4,0.61,10.2,6.0
71,7.8,0.5,0.3,1.9,0.075,8.0,22.0,3.31,0.56,10.4,6.0
72,8.1,0.545,0.18,1.9,0.08,13.0,35.0,3.3,0.59,9.0,6.0
73,8.1,0.575,0.22,2.1,0.077,12.0,65.0,3.29,0.51,9.2,5.0
74,7.2,0.49,0.24,2.2,0.07,5.0,36.0,3.33,0.48,9.4,5.0
75,8.1,0.575,0.22,2.1,0.077,12.0,65.0,3.29,0.51,9.2,5.0
76,6.2,0.63,0.31,1.7,0.088,15.0,64.0,3.46,0.79,9.3,5.0
77,8.0,0.33,0.53,2.5,0.091,18.0,80.0,3.37,0.8,9.6,6.0
78,7.8,0.56,0.19,1.8,0.104,12.0,47.0,3.19,0.93,9.5,5.0
79,8.4,0.62,0.09,2.2,0.084,11.0,108.0,3.15,0.66,9.8,5.0
80,8.4,0.6,0.1,2.2,0.085,14.0,111.0,3.15,0.66,9.8,5.0
81,10.1,0.31,0.44,2.3,0.08,22.0,46.0,3.32,0.67,9.7,6.0
82,7.8,0.56,0.19,1.8,0.104,12.0,47.0,3.19,0.93,9.5,5.0
83,9.4,0.4,0.31,2.2,0.09,13.0,62.0,3.07,0.63,10.5,6.0
84,8.3,0.54,0.28,1.9,0.077,11.0,40.0,3.39,0.61,10.0,6.0
85,7.8,0.56,0.12,2.0,0.0819999999999999,7.0,28.0,3.37,0.5,9.4,6.0
86,8.8,0.55,0.04,2.2,0.119,14.0,56.0,3.21,0.6,10.9,6.0
87,7.0,0.69,0.08,1.8,0.0969999999999999,22.0,89.0,3.34,0.54,9.2,6.0
88,8.8,0.55,0.04,2.2,0.119,14.0,56.0,3.21,0.6,10.9,6.0
89,7.3,0.695,0.0,2.5,0.075,3.0,13.0,3.49,0.52,9.2,5.0
90,8.0,0.71,0.0,2.6,0.08,11.0,34.0,3.44,0.53,9.5,5.0
91,7.8,0.5,0.17,1.6,0.0819999999999999,21.0,102.0,3.39,0.48,9.5,5.0
92,8.0,0.59,0.16,1.8,0.065,3.0,16.0,3.42,0.92,10.5,7.0
93,6.1,0.38,0.15,1.8,0.072,6.0,19.0,3.42,0.57,9.4,5.0
94,5.6,0.5,0.09,2.3,0.049,17.0,99.0,3.63,0.63,13.0,5.0
95,5.6,0.5,0.09,2.3,0.049,17.0,99.0,3.63,0.63,13.0,5.0
96,6.6,0.5,0.01,1.5,0.06,17.0,26.0,3.4,0.58,9.8,6.0
97,8.4,0.745,0.11,1.9,0.09,16.0,63.0,3.19,0.82,9.6,5.0
98,8.3,0.715,0.15,1.8,0.089,10.0,52.0,3.23,0.77,9.5,5.0
99,7.2,0.415,0.36,2.0,0.081,13.0,45.0,3.48,0.64,9.2,5.0
100,7.8,0.56,0.19,2.1,0.081,15.0,105.0,3.33,0.54,9.5,5.0
101,7.8,0.56,0.19,2.0,0.081,17.0,108.0,3.32,0.54,9.5,5.0
102,8.4,0.745,0.11,1.9,0.09,16.0,63.0,3.19,0.82,9.6,5.0
103,8.3,0.715,0.15,1.8,0.089,10.0,52.0,3.23,0.77,9.5,5.0
104,6.3,0.39,0.08,1.7,0.066,3.0,20.0,3.34,0.58,9.4,5.0
105,5.8,0.68,0.02,1.8,0.087,21.0,94.0,3.54,0.52,10.0,5.0
106,6.9,0.49,0.1,2.3,0.074,12.0,30.0,3.42,0.58,10.2,6.0
107,8.2,0.4,0.44,2.8,0.089,11.0,43.0,3.53,0.61,10.5,6.0
108,7.3,0.33,0.47,2.1,0.077,5.0,11.0,3.33,0.53,10.3,6.0
109,7.5,0.6,0.03,1.8,0.095,25.0,99.0,3.35,0.54,10.1,5.0
110,7.5,0.6,0.03,1.8,0.095,25.0,99.0,3.35,0.54,10.1,5.0
111,7.1,0.68,0.0,2.2,0.073,12.0,22.0,3.48,0.5,9.3,5.0
112,6.8,0.6,0.18,1.9,0.079,18.0,86.0,3.59,0.57,9.3,6.0
113,7.6,0.95,0.03,2.0,0.09,7.0,20.0,3.2,0.56,9.6,5.0
114,7.8,0.53,0.04,1.7,0.076,17.0,31.0,3.33,0.56,10.0,6.0
115,7.8,0.63,0.48,1.7,0.1,14.0,96.0,3.19,0.62,9.5,5.0
116,6.8,0.64,0.1,2.1,0.085,18.0,101.0,3.34,0.52,10.2,5.0
117,7.3,0.55,0.03,1.6,0.072,17.0,42.0,3.37,0.48,9.0,4.0
118,6.8,0.63,0.07,2.1,0.089,11.0,44.0,3.47,0.55,10.4,6.0
119,7.9,0.885,0.03,1.8,0.0579999999999999,4.0,8.0,3.36,0.33,9.1,4.0
120,8.0,0.42,0.17,2.0,0.073,6.0,18.0,3.29,0.61,9.2,6.0
121,8.0,0.42,0.17,2.0,0.073,6.0,18.0,3.29,0.61,9.2,6.0
122,7.4,0.62,0.05,1.9,0.068,24.0,42.0,3.42,0.57,11.5,6.0
123,7.3,0.38,0.21,2.0,0.08,7.0,35.0,3.33,0.47,9.5,5.0
124,6.9,0.5,0.04,1.5,0.085,19.0,49.0,3.35,0.78,9.5,5.0
125,7.3,0.38,0.21,2.0,0.08,7.0,35.0,3.33,0.47,9.5,5.0
126,7.5,0.52,0.42,2.3,0.087,8.0,38.0,3.58,0.61,10.5,6.0
127,7.0,0.805,0.0,2.5,0.068,7.0,20.0,3.48,0.56,9.6,5.0
128,8.8,0.61,0.14,2.4,0.067,10.0,42.0,3.19,0.59,9.5,5.0
129,8.8,0.61,0.14,2.4,0.067,10.0,42.0,3.19,0.59,9.5,5.0
130,7.2,0.73,0.02,2.5,0.076,16.0,42.0,3.44,0.52,9.3,5.0
131,6.8,0.61,0.2,1.8,0.077,11.0,65.0,3.54,0.58,9.3,5.0
132,6.7,0.62,0.21,1.9,0.079,8.0,62.0,3.52,0.58,9.3,6.0
133,8.9,0.31,0.57,2.0,0.111,26.0,85.0,3.26,0.53,9.7,5.0
134,7.4,0.39,0.48,2.0,0.0819999999999999,14.0,67.0,3.34,0.55,9.2,5.0
135,7.7,0.705,0.1,2.6,0.084,9.0,26.0,3.39,0.49,9.7,5.0
136,6.4,0.37,0.25,1.9,0.074,21.0,49.0,3.57,0.62,9.8,6.0
137,7.6,0.55,0.21,2.2,0.071,7.0,28.0,3.28,0.55,9.7,5.0
138,7.6,0.55,0.21,2.2,0.071,7.0,28.0,3.28,0.55,9.7,5.0
139,7.8,0.59,0.33,2.0,0.074,24.0,120.0,3.25,0.54,9.4,5.0
140,7.3,0.58,0.3,2.4,0.074,15.0,55.0,3.46,0.59,10.2,5.0
141,11.5,0.3,0.6,2.0,0.067,12.0,27.0,3.11,0.97,10.1,6.0
142,5.4,0.835,0.08,1.2,0.046,13.0,93.0,3.57,0.85,13.0,7.0
143,9.6,0.32,0.47,1.4,0.0559999999999999,9.0,24.0,3.22,0.82,10.3,7.0
144,6.8,0.5,0.11,1.5,0.075,16.0,49.0,3.36,0.79,9.5,5.0
145,7.0,0.42,0.35,1.6,0.088,16.0,39.0,3.34,0.55,9.2,5.0
146,7.0,0.43,0.36,1.6,0.089,14.0,37.0,3.34,0.56,9.2,6.0
147,7.8,0.57,0.31,1.8,0.069,26.0,120.0,3.29,0.53,9.3,5.0
148,7.8,0.44,0.28,2.7,0.1,18.0,95.0,3.22,0.67,9.4,5.0
149,11.0,0.3,0.58,2.1,0.054,7.0,19.0,3.31,0.88,10.5,7.0
150,8.0,0.725,0.24,2.8,0.083,10.0,62.0,3.35,0.56,10.0,6.0
151,11.6,0.44,0.64,2.1,0.059,5.0,15.0,3.21,0.67,10.2,6.0
152,8.2,0.57,0.26,2.2,0.06,28.0,65.0,3.3,0.43,10.1,5.0
153,7.8,0.735,0.08,2.4,0.092,10.0,41.0,3.24,0.71,9.8,6.0
154,8.7,0.625,0.16,2.0,0.1009999999999999,13.0,49.0,3.14,0.57,11.0,5.0
155,8.1,0.725,0.22,2.2,0.072,11.0,41.0,3.36,0.55,9.1,5.0
156,7.5,0.49,0.19,1.9,0.076,10.0,44.0,3.39,0.54,9.7,5.0
157,7.8,0.34,0.37,2.0,0.0819999999999999,24.0,58.0,3.34,0.59,9.4,6.0
158,7.4,0.53,0.26,2.0,0.1009999999999999,16.0,72.0,3.15,0.57,9.4,5.0
159,6.8,0.61,0.04,1.5,0.057,5.0,10.0,3.42,0.6,9.5,5.0
160,8.6,0.645,0.25,2.0,0.083,8.0,28.0,3.28,0.6,10.0,6.0
161,8.4,0.635,0.36,2.0,0.089,15.0,55.0,3.31,0.57,10.4,4.0
162,7.7,0.43,0.25,2.6,0.073,29.0,63.0,3.37,0.58,10.5,6.0
163,9.0,0.82,0.14,2.6,0.089,9.0,23.0,3.39,0.63,9.8,5.0
164,7.7,0.43,0.25,2.6,0.073,29.0,63.0,3.37,0.58,10.5,6.0
165,6.9,0.52,0.25,2.6,0.081,10.0,37.0,3.46,0.5,11.0,5.0
166,5.2,0.48,0.04,1.6,0.054,19.0,106.0,3.54,0.62,12.2,7.0
167,8.0,0.38,0.06,1.8,0.078,12.0,49.0,3.37,0.52,9.9,6.0
168,8.5,0.37,0.2,2.8,0.09,18.0,58.0,3.34,0.7,9.6,6.0
169,6.9,0.52,0.25,2.6,0.081,10.0,37.0,3.46,0.5,11.0,5.0
170,8.2,1.0,0.09,2.3,0.065,7.0,37.0,3.32,0.55,9.0,6.0
171,7.2,0.63,0.0,1.9,0.0969999999999999,14.0,38.0,3.37,0.58,9.0,6.0
172,7.2,0.63,0.0,1.9,0.0969999999999999,14.0,38.0,3.37,0.58,9.0,6.0
173,7.2,0.645,0.0,1.9,0.0969999999999999,15.0,39.0,3.37,0.58,9.2,6.0
174,7.2,0.63,0.0,1.9,0.0969999999999999,14.0,38.0,3.37,0.58,9.0,6.0
175,8.2,1.0,0.09,2.3,0.065,7.0,37.0,3.32,0.55,9.0,6.0
176,12.0,0.38,0.56,2.1,0.093,6.0,24.0,3.14,0.71,10.9,6.0
177,7.7,0.58,0.1,1.8,0.102,28.0,109.0,3.08,0.49,9.8,6.0
178,7.3,0.66,0.0,2.0,0.084,6.0,23.0,3.61,0.96,9.9,6.0
179,7.1,0.68,0.07,1.9,0.075,16.0,51.0,3.38,0.52,9.5,5.0
180,8.2,0.6,0.17,2.3,0.072,11.0,73.0,3.2,0.45,9.3,5.0
181,7.7,0.53,0.06,1.7,0.074,9.0,39.0,3.35,0.48,9.8,6.0
182,7.3,0.66,0.0,2.0,0.084,6.0,23.0,3.61,0.96,9.9,6.0
183,10.8,0.32,0.44,1.6,0.063,16.0,37.0,3.22,0.78,10.0,6.0
184,7.1,0.6,0.0,1.8,0.074,16.0,34.0,3.47,0.7,9.9,6.0
185,11.1,0.35,0.48,3.1,0.09,5.0,21.0,3.17,0.53,10.5,5.0
186,7.7,0.775,0.42,1.9,0.092,8.0,86.0,3.23,0.59,9.5,5.0
187,7.1,0.6,0.0,1.8,0.074,16.0,34.0,3.47,0.7,9.9,6.0
188,8.0,0.57,0.23,3.2,0.073,17.0,119.0,3.26,0.57,9.3,5.0
189,9.4,0.34,0.37,2.2,0.075,5.0,13.0,3.22,0.62,9.2,5.0
190,6.6,0.695,0.0,2.1,0.075,12.0,56.0,3.49,0.67,9.2,5.0
191,10.0,0.31,0.47,2.6,0.085,14.0,33.0,3.36,0.8,10.5,7.0
192,7.9,0.33,0.23,1.7,0.077,18.0,45.0,3.29,0.65,9.3,5.0
193,7.0,0.975,0.04,2.0,0.087,12.0,67.0,3.35,0.6,9.4,4.0
194,8.0,0.52,0.03,1.7,0.07,10.0,35.0,3.34,0.57,10.0,5.0
195,7.9,0.37,0.23,1.8,0.077,23.0,49.0,3.28,0.67,9.3,5.0
196,11.8,0.26,0.52,1.8,0.071,6.0,10.0,3.2,0.72,10.2,7.0
197,8.1,0.87,0.0,3.3,0.096,26.0,61.0,3.6,0.72,9.8,4.0
198,8.4,0.715,0.2,2.4,0.076,10.0,38.0,3.31,0.64,9.4,5.0
199,11.4,0.26,0.44,3.6,0.071,6.0,19.0,3.12,0.82,9.3,6.0
200,7.6,0.52,0.12,3.0,0.067,12.0,53.0,3.36,0.57,9.1,5.0
201,9.9,0.59,0.07,3.4,0.102,32.0,71.0,3.31,0.71,9.8,5.0
202,9.9,0.59,0.07,3.4,0.102,32.0,71.0,3.31,0.71,9.8,5.0
203,12.0,0.45,0.55,2.0,0.073,25.0,49.0,3.1,0.76,10.3,6.0
204,7.5,0.4,0.12,3.0,0.092,29.0,53.0,3.37,0.7,10.3,6.0
205,8.7,0.52,0.09,2.5,0.091,20.0,49.0,3.34,0.86,10.6,7.0
206,11.6,0.42,0.53,3.3,0.105,33.0,98.0,3.2,0.95,9.2,5.0
207,8.7,0.52,0.09,2.5,0.091,20.0,49.0,3.34,0.86,10.6,7.0
208,10.4,0.55,0.23,2.7,0.091,18.0,48.0,3.22,0.64,10.3,6.0
209,6.9,0.36,0.25,2.4,0.098,5.0,16.0,3.41,0.6,10.1,6.0
210,10.8,0.5,0.46,2.5,0.073,5.0,27.0,3.05,0.64,9.5,5.0
211,10.6,0.83,0.37,2.6,0.086,26.0,70.0,3.16,0.52,9.9,5.0
212,7.1,0.63,0.06,2.0,0.083,8.0,29.0,3.67,0.73,9.6,5.0
213,7.2,0.65,0.02,2.3,0.094,5.0,31.0,3.67,0.8,9.7,5.0
214,6.9,0.67,0.06,2.1,0.08,8.0,33.0,3.68,0.71,9.6,5.0
215,7.5,0.53,0.06,2.6,0.086,20.0,44.0,3.38,0.59,10.7,6.0
216,11.1,0.18,0.48,1.5,0.068,7.0,15.0,3.22,0.64,10.1,6.0
217,8.3,0.705,0.12,2.6,0.092,12.0,28.0,3.51,0.72,10.0,5.0
218,8.4,0.65,0.6,2.1,0.1119999999999999,12.0,90.0,3.2,0.52,9.2,5.0
219,10.3,0.53,0.48,2.5,0.063,6.0,25.0,3.12,0.59,9.3,6.0
220,7.6,0.62,0.32,2.2,0.0819999999999999,7.0,54.0,3.36,0.52,9.4,5.0
221,7.4,0.29,0.38,1.7,0.062,9.0,30.0,3.41,0.53,9.5,6.0
222,10.3,0.53,0.48,2.5,0.063,6.0,25.0,3.12,0.59,9.3,6.0
223,7.9,0.53,0.24,2.0,0.072,15.0,105.0,3.27,0.54,9.4,6.0
224,9.0,0.46,0.31,2.8,0.093,19.0,98.0,3.32,0.63,9.5,6.0
225,7.4,0.36,0.29,2.6,0.087,26.0,72.0,3.39,0.68,11.0,5.0
226,7.1,0.35,0.29,2.5,0.096,20.0,53.0,3.42,0.65,11.0,6.0
227,9.6,0.56,0.23,3.4,0.102,37.0,92.0,3.3,0.65,10.1,5.0
228,9.6,0.77,0.12,2.9,0.0819999999999999,30.0,74.0,3.3,0.64,10.4,6.0
229,9.8,0.66,0.39,3.2,0.083,21.0,59.0,3.37,0.71,11.5,7.0
230,9.6,0.77,0.12,2.9,0.0819999999999999,30.0,74.0,3.3,0.64,10.4,6.0
231,9.8,0.66,0.39,3.2,0.083,21.0,59.0,3.37,0.71,11.5,7.0
232,9.3,0.61,0.26,3.4,0.09,25.0,87.0,3.24,0.62,9.7,5.0
233,7.8,0.62,0.05,2.3,0.079,6.0,18.0,3.29,0.63,9.3,5.0
234,10.3,0.59,0.42,2.8,0.09,35.0,73.0,3.28,0.7,9.5,6.0
235,10.7,0.46,0.39,2.0,0.061,7.0,15.0,3.18,0.62,9.5,5.0
236,8.0,0.58,0.28,3.2,0.066,21.0,114.0,3.22,0.54,9.4,6.0
237,8.4,0.56,0.08,2.1,0.105,16.0,44.0,3.13,0.52,11.0,5.0
238,7.9,0.65,0.01,2.5,0.078,17.0,38.0,3.34,0.74,11.7,7.0
239,8.9,0.43,0.45,1.9,0.052,6.0,16.0,3.35,0.7,12.5,6.0
240,7.8,0.43,0.32,2.8,0.08,29.0,58.0,3.31,0.64,10.3,5.0
241,10.6,0.42,0.48,2.7,0.065,5.0,18.0,3.21,0.87,11.3,6.0
242,10.9,0.39,0.47,1.8,0.118,6.0,14.0,3.3,0.75,9.8,6.0
243,10.9,0.39,0.47,1.8,0.118,6.0,14.0,3.3,0.75,9.8,6.0
244,11.9,0.57,0.5,2.6,0.0819999999999999,6.0,32.0,3.12,0.78,10.7,6.0
245,7.0,0.685,0.0,1.9,0.067,40.0,63.0,3.6,0.81,9.9,5.0
246,6.6,0.815,0.02,2.7,0.072,17.0,34.0,3.58,0.89,12.3,7.0
247,9.6,0.56,0.31,2.8,0.089,15.0,46.0,3.11,0.92,10.0,6.0
248,9.1,0.785,0.0,2.6,0.093,11.0,28.0,3.36,0.86,9.4,6.0
249,10.7,0.67,0.22,2.7,0.107,17.0,34.0,3.28,0.98,9.9,6.0
250,9.1,0.795,0.0,2.6,0.096,11.0,26.0,3.35,0.83,9.4,6.0
251,7.7,0.665,0.0,2.4,0.09,8.0,19.0,3.27,0.73,9.3,5.0
252,6.7,0.75,0.01,2.4,0.078,17.0,32.0,3.55,0.61,12.8,6.0
253,11.5,0.41,0.52,3.0,0.08,29.0,55.0,3.26,0.88,11.0,5.0
254,10.5,0.42,0.66,2.95,0.1159999999999999,12.0,29.0,3.24,0.75,11.7,7.0
255,11.9,0.43,0.66,3.1,0.109,10.0,23.0,3.15,0.85,10.4,7.0
256,8.2,0.7,0.23,2.0,0.099,14.0,81.0,3.19,0.7,9.4,5.0
257,8.6,0.45,0.31,2.6,0.086,21.0,50.0,3.37,0.91,9.9,6.0
258,11.9,0.58,0.66,2.5,0.072,6.0,37.0,3.05,0.56,10.0,5.0
259,10.0,0.42,0.5,3.4,0.107,7.0,21.0,3.26,0.93,11.8,6.0
260,10.4,0.575,0.61,2.6,0.076,11.0,24.0,3.16,0.69,9.0,5.0
261,6.9,0.765,0.02,2.3,0.063,35.0,63.0,3.57,0.78,9.9,5.0
262,7.9,0.24,0.4,1.6,0.0559999999999999,11.0,25.0,3.32,0.87,8.7,6.0
263,7.4,0.55,0.22,2.2,0.106,12.0,72.0,3.05,0.63,9.2,5.0
264,8.3,0.42,0.38,2.5,0.094,24.0,60.0,3.31,0.7,10.8,6.0
265,8.3,0.26,0.42,2.0,0.08,11.0,27.0,3.21,0.8,9.4,6.0
266,8.3,0.26,0.42,2.0,0.08,11.0,27.0,3.21,0.8,9.4,6.0
267,8.3,0.26,0.42,2.0,0.08,11.0,27.0,3.21,0.8,9.4,6.0
268,7.7,0.51,0.28,2.1,0.087,23.0,54.0,3.42,0.74,9.2,5.0
269,7.4,0.63,0.07,2.4,0.09,11.0,37.0,3.43,0.76,9.7,6.0
270,7.8,0.54,0.26,2.0,0.088,23.0,48.0,3.41,0.74,9.2,6.0
271,8.3,0.66,0.15,1.9,0.079,17.0,42.0,3.31,0.54,9.6,6.0
272,7.8,0.46,0.26,1.9,0.088,23.0,53.0,3.43,0.74,9.2,6.0
273,9.6,0.38,0.31,2.5,0.096,16.0,49.0,3.19,0.7,10.0,7.0
274,9.5,0.37,0.52,2.0,0.0819999999999999,6.0,26.0,3.18,0.51,9.5,5.0
275,8.4,0.665,0.61,2.0,0.1119999999999999,13.0,95.0,3.16,0.54,9.1,5.0
276,11.5,0.59,0.59,2.6,0.087,13.0,49.0,3.18,0.65,11.0,6.0
277,11.5,0.59,0.59,2.6,0.087,13.0,49.0,3.18,0.65,11.0,6.0
278,8.7,0.765,0.22,2.3,0.064,9.0,42.0,3.1,0.55,9.4,5.0
279,7.7,0.26,0.3,1.7,0.059,20.0,38.0,3.29,0.47,10.8,6.0
280,12.2,0.48,0.54,2.6,0.085,19.0,64.0,3.1,0.61,10.5,6.0
281,11.4,0.6,0.49,2.7,0.085,10.0,41.0,3.15,0.63,10.5,6.0
282,7.7,0.69,0.05,2.7,0.075,15.0,27.0,3.26,0.61,9.1,5.0
283,8.7,0.31,0.46,1.4,0.059,11.0,25.0,3.36,0.76,10.1,6.0
284,9.8,0.44,0.47,2.5,0.063,9.0,28.0,3.24,0.65,10.8,6.0
285,12.0,0.39,0.66,3.0,0.093,12.0,30.0,3.18,0.63,10.8,7.0
286,9.0,0.43,0.34,2.5,0.08,26.0,86.0,3.38,0.62,9.5,6.0
287,9.1,0.45,0.35,2.4,0.08,23.0,78.0,3.38,0.62,9.5,5.0
288,7.1,0.735,0.16,1.9,0.1,15.0,77.0,3.27,0.64,9.3,5.0
289,8.8,0.52,0.34,2.7,0.087,24.0,122.0,3.26,0.61,9.5,5.0
290,10.6,0.48,0.64,2.2,0.111,6.0,20.0,3.26,0.66,11.7,6.0
291,6.8,0.77,0.0,1.8,0.066,34.0,52.0,3.62,0.68,9.9,5.0
292,9.5,0.56,0.33,2.4,0.089,35.0,67.0,3.28,0.73,11.8,7.0
293,6.6,0.84,0.03,2.3,0.059,32.0,48.0,3.52,0.56,12.3,7.0
294,7.7,0.96,0.2,2.0,0.047,15.0,60.0,3.36,0.44,10.9,5.0
295,10.5,0.24,0.47,2.1,0.066,6.0,24.0,3.15,0.9,11.0,7.0
296,7.7,0.96,0.2,2.0,0.047,15.0,60.0,3.36,0.44,10.9,5.0
297,6.6,0.84,0.03,2.3,0.059,32.0,48.0,3.52,0.56,12.3,7.0
298,6.4,0.67,0.08,2.1,0.045,19.0,48.0,3.49,0.49,11.4,6.0
299,9.5,0.78,0.22,1.9,0.077,6.0,32.0,3.26,0.56,10.6,6.0
300,9.1,0.52,0.33,1.3,0.07,9.0,30.0,3.24,0.6,9.3,5.0
301,10.5,0.24,0.47,2.1,0.066,6.0,24.0,3.15,0.9,11.0,7.0
302,7.8,0.55,0.35,2.2,0.074,21.0,66.0,3.25,0.56,9.2,5.0
303,11.9,0.37,0.69,2.3,0.078,12.0,24.0,3.0,0.65,12.8,6.0
304,12.3,0.39,0.63,2.3,0.091,6.0,18.0,3.16,0.49,9.5,5.0
305,10.4,0.41,0.55,3.2,0.076,22.0,54.0,3.15,0.89,9.9,6.0
306,12.3,0.39,0.63,2.3,0.091,6.0,18.0,3.16,0.49,9.5,5.0
307,8.0,0.67,0.3,2.0,0.06,38.0,62.0,3.26,0.56,10.2,6.0
308,11.1,0.45,0.73,3.2,0.066,6.0,22.0,3.17,0.66,11.2,6.0
309,10.4,0.41,0.55,3.2,0.076,22.0,54.0,3.15,0.89,9.9,6.0
310,7.0,0.62,0.18,1.5,0.062,7.0,50.0,3.08,0.6,9.3,5.0
311,11.9,0.4,0.65,2.15,0.068,7.0,27.0,3.06,0.68,11.3,6.0
312,10.0,0.44,0.49,2.7,0.077,11.0,19.0,3.23,0.63,11.6,7.0
313,5.3,0.57,0.01,1.7,0.054,5.0,27.0,3.57,0.84,12.5,7.0
314,9.5,0.735,0.1,2.1,0.079,6.0,31.0,3.23,0.56,10.1,6.0
315,8.6,0.53,0.22,2.0,0.1,7.0,27.0,3.2,0.56,10.2,6.0
316,11.9,0.39,0.69,2.8,0.095,17.0,35.0,3.1,0.61,10.8,6.0
317,11.9,0.39,0.69,2.8,0.095,17.0,35.0,3.1,0.61,10.8,6.0
318,6.8,0.56,0.03,1.7,0.084,18.0,35.0,3.44,0.63,10.0,6.0
319,10.4,0.33,0.63,2.8,0.084,5.0,22.0,3.26,0.74,11.2,7.0
320,7.0,0.23,0.4,1.6,0.063,21.0,67.0,3.5,0.63,11.1,5.0
321,8.9,0.59,0.39,2.3,0.095,5.0,22.0,3.37,0.58,10.3,5.0
322,9.2,0.63,0.21,2.7,0.0969999999999999,29.0,65.0,3.28,0.58,9.6,5.0
323,10.4,0.33,0.63,2.8,0.084,5.0,22.0,3.26,0.74,11.2,7.0
324,9.2,0.43,0.52,2.3,0.083,14.0,23.0,3.35,0.61,11.3,6.0
325,8.3,0.615,0.22,2.6,0.087,6.0,19.0,3.26,0.61,9.3,5.0
326,11.0,0.26,0.68,2.55,0.085,10.0,25.0,3.18,0.61,11.8,5.0
327,11.5,0.315,0.54,2.1,0.084,5.0,15.0,2.98,0.7,9.2,6.0
328,10.0,0.29,0.4,2.9,0.098,10.0,26.0,3.48,0.91,9.7,5.0
329,10.3,0.5,0.42,2.0,0.069,21.0,51.0,3.16,0.72,11.5,6.0
330,11.4,0.36,0.69,2.1,0.09,6.0,21.0,3.17,0.62,9.2,6.0
331,8.7,0.82,0.02,1.2,0.07,36.0,48.0,3.2,0.58,9.8,5.0
332,9.6,0.54,0.42,2.4,0.081,25.0,52.0,3.2,0.71,11.4,6.0
333,9.9,0.35,0.55,2.1,0.062,5.0,14.0,3.26,0.79,10.6,5.0
334,10.5,0.28,0.51,1.7,0.08,10.0,24.0,3.2,0.89,9.4,6.0
335,9.6,0.68,0.24,2.2,0.087,5.0,28.0,3.14,0.6,10.2,5.0
336,9.3,0.27,0.41,2.0,0.091,6.0,16.0,3.28,0.7,9.7,5.0
337,9.6,0.68,0.24,2.2,0.087,5.0,28.0,3.14,0.6,10.2,5.0
338,9.4,0.685,0.11,2.7,0.077,6.0,31.0,3.19,0.7,10.1,6.0
339,10.2,0.67,0.39,1.9,0.054,6.0,17.0,3.17,0.47,10.0,5.0
340,10.2,0.67,0.39,1.9,0.054,6.0,17.0,3.17,0.47,10.0,5.0
341,10.2,0.645,0.36,1.8,0.053,5.0,14.0,3.17,0.42,10.0,6.0
342,11.6,0.32,0.55,2.8,0.081,35.0,67.0,3.32,0.92,10.8,7.0
343,9.3,0.39,0.4,2.6,0.073,10.0,26.0,3.34,0.75,10.2,6.0
344,9.3,0.775,0.27,2.8,0.078,24.0,56.0,3.31,0.67,10.6,6.0
345,9.2,0.41,0.5,2.5,0.055,12.0,25.0,3.34,0.79,13.3,7.0
346,8.9,0.4,0.51,2.6,0.052,13.0,27.0,3.32,0.9,13.4,7.0
347,8.7,0.69,0.31,3.0,0.086,23.0,81.0,3.48,0.74,11.6,6.0
348,7.8,0.52,0.25,1.9,0.081,14.0,38.0,3.43,0.65,9.0,6.0
349,8.7,0.69,0.31,3.0,0.086,23.0,81.0,3.48,0.74,11.6,6.0
350,7.8,0.52,0.25,1.9,0.081,14.0,38.0,3.43,0.65,9.0,6.0
351,10.2,0.49,0.63,2.9,0.072,10.0,26.0,3.16,0.78,12.5,7.0
352,11.2,0.67,0.55,2.3,0.084,6.0,13.0,3.17,0.71,9.5,6.0
353,10.0,0.59,0.31,2.2,0.09,26.0,62.0,3.18,0.63,10.2,6.0
354,10.0,0.59,0.31,2.2,0.09,26.0,62.0,3.18,0.63,10.2,6.0
355,10.5,0.51,0.64,2.4,0.107,6.0,15.0,3.09,0.66,11.8,7.0
356,10.5,0.51,0.64,2.4,0.107,6.0,15.0,3.09,0.66,11.8,7.0
357,10.9,0.21,0.49,2.8,0.088,11.0,32.0,3.22,0.68,11.7,6.0
358,7.3,0.365,0.49,2.5,0.088,39.0,106.0,3.36,0.78,11.0,5.0
359,9.8,0.25,0.49,2.7,0.088,15.0,33.0,3.42,0.9,10.0,6.0
360,7.6,0.41,0.49,2.0,0.088,16.0,43.0,3.48,0.64,9.1,5.0
361,9.2,0.43,0.49,2.4,0.086,23.0,116.0,3.23,0.64,9.5,5.0
362,10.4,0.64,0.24,2.8,0.105,29.0,53.0,3.24,0.67,9.9,5.0
363,7.3,0.365,0.49,2.5,0.088,39.0,106.0,3.36,0.78,11.0,5.0
364,7.0,0.38,0.49,2.5,0.0969999999999999,33.0,85.0,3.39,0.77,11.4,6.0
365,8.2,0.42,0.49,2.6,0.084,32.0,55.0,3.34,0.75,8.7,6.0
366,9.9,0.63,0.24,2.4,0.077,6.0,33.0,3.09,0.57,9.4,5.0
367,9.1,0.22,0.24,2.1,0.078,1.0,28.0,3.41,0.87,10.3,6.0
368,11.9,0.38,0.49,2.7,0.098,12.0,42.0,3.16,0.61,10.3,5.0
369,11.9,0.38,0.49,2.7,0.098,12.0,42.0,3.16,0.61,10.3,5.0
370,10.3,0.27,0.24,2.1,0.072,15.0,33.0,3.22,0.66,12.8,6.0
371,10.0,0.48,0.24,2.7,0.102,13.0,32.0,3.28,0.56,10.0,6.0
372,9.1,0.22,0.24,2.1,0.078,1.0,28.0,3.41,0.87,10.3,6.0
373,9.9,0.63,0.24,2.4,0.077,6.0,33.0,3.09,0.57,9.4,5.0
374,8.1,0.825,0.24,2.1,0.084,5.0,13.0,3.37,0.77,10.7,6.0
375,9.2,0.59,0.24,3.3,0.1009999999999999,20.0,47.0,3.26,0.67,9.6,5.0
376,9.3,0.715,0.24,2.1,0.07,5.0,20.0,3.12,0.59,9.9,5.0
377,11.2,0.66,0.24,2.5,0.085,16.0,53.0,3.06,0.72,11.0,6.0
378,9.1,0.47,0.49,2.6,0.094,38.0,106.0,3.08,0.59,9.1,5.0
379,7.5,0.55,0.24,2.0,0.078,10.0,28.0,3.45,0.78,9.5,6.0
380,10.6,0.31,0.49,2.5,0.067,6.0,21.0,3.26,0.86,10.7,6.0
381,6.8,0.51,0.01,2.1,0.074,9.0,25.0,3.33,0.56,9.5,6.0
382,9.4,0.43,0.24,2.8,0.092,14.0,45.0,3.19,0.73,10.0,6.0
383,9.5,0.46,0.24,2.7,0.092,14.0,44.0,3.12,0.74,10.0,6.0
384,9.0,0.44,0.49,2.4,0.078,26.0,121.0,3.23,0.58,9.2,5.0
385,9.0,0.54,0.49,2.9,0.094,41.0,110.0,3.08,0.61,9.2,5.0
386,7.6,0.29,0.49,2.7,0.092,25.0,60.0,3.31,0.61,10.1,6.0
387,6.2,0.36,0.24,2.2,0.095,19.0,42.0,3.57,0.57,11.7,6.0
388,11.5,0.35,0.49,3.3,0.07,10.0,37.0,3.32,0.91,11.0,6.0
389,6.2,0.36,0.24,2.2,0.095,19.0,42.0,3.57,0.57,11.7,6.0
390,10.2,0.24,0.49,2.4,0.075,10.0,28.0,3.14,0.61,10.4,5.0
391,10.5,0.59,0.49,2.1,0.07,14.0,47.0,3.3,0.56,9.6,4.0
392,10.6,0.34,0.49,3.2,0.078,20.0,78.0,3.19,0.7,10.0,6.0
393,12.3,0.27,0.49,3.1,0.079,28.0,46.0,3.2,0.8,10.2,6.0
394,9.9,0.5,0.24,2.3,0.103,6.0,14.0,3.34,0.52,10.0,4.0
395,8.8,0.44,0.49,2.8,0.083,18.0,111.0,3.3,0.6,9.5,5.0
396,8.8,0.47,0.49,2.9,0.085,17.0,110.0,3.29,0.6,9.8,5.0
397,10.6,0.31,0.49,2.2,0.063,18.0,40.0,3.14,0.51,9.8,6.0
398,12.3,0.5,0.49,2.2,0.089,5.0,14.0,3.19,0.44,9.6,5.0
399,12.3,0.5,0.49,2.2,0.089,5.0,14.0,3.19,0.44,9.6,5.0
400,11.7,0.49,0.49,2.2,0.083,5.0,15.0,3.19,0.43,9.2,5.0
401,12.0,0.28,0.49,1.9,0.074,10.0,21.0,2.98,0.66,9.9,7.0
402,7.6,0.51,0.24,2.4,0.091,8.0,38.0,3.47,0.66,9.6,6.0
403,7.3,0.73,0.24,1.9,0.108,18.0,102.0,3.26,0.59,9.3,5.0
404,10.2,0.29,0.49,2.6,0.059,5.0,13.0,3.05,0.74,10.5,7.0
405,9.0,0.45,0.49,2.6,0.084,21.0,75.0,3.35,0.57,9.7,5.0
406,9.0,0.45,0.49,2.6,0.084,21.0,75.0,3.35,0.57,9.7,5.0
407,9.9,0.49,0.58,3.5,0.094,9.0,43.0,3.29,0.58,9.0,5.0
408,7.9,0.72,0.17,2.6,0.096,20.0,38.0,3.4,0.53,9.5,5.0
409,11.9,0.58,0.58,1.9,0.071,5.0,18.0,3.09,0.63,10.0,6.0
410,8.5,0.585,0.18,2.1,0.078,5.0,30.0,3.2,0.48,9.8,6.0
411,8.2,0.915,0.27,2.1,0.088,7.0,23.0,3.26,0.47,10.0,4.0
412,7.7,0.835,0.0,2.6,0.081,6.0,14.0,3.3,0.52,9.3,5.0
413,8.3,0.58,0.13,2.9,0.096,14.0,63.0,3.17,0.62,9.1,6.0
414,8.3,0.6,0.13,2.6,0.085,6.0,24.0,3.31,0.59,9.2,6.0
415,8.8,0.48,0.41,3.3,0.092,26.0,52.0,3.31,0.53,10.5,6.0
416,6.3,0.36,0.19,3.2,0.075,15.0,39.0,3.56,0.52,12.7,6.0
417,8.8,0.24,0.54,2.5,0.083,25.0,57.0,3.39,0.54,9.2,5.0
418,7.5,0.64,0.0,2.4,0.077,18.0,29.0,3.32,0.6,10.0,6.0
419,8.2,0.39,0.38,1.5,0.0579999999999999,10.0,29.0,3.26,0.74,9.8,5.0
420,9.6,0.6,0.5,2.3,0.079,28.0,71.0,3.5,0.57,9.7,5.0
421,9.6,0.6,0.5,2.3,0.079,28.0,71.0,3.5,0.57,9.7,5.0
422,11.5,0.31,0.51,2.2,0.079,14.0,28.0,3.03,0.93,9.8,6.0
423,11.3,0.37,0.41,2.3,0.088,6.0,16.0,3.09,0.8,9.3,5.0
424,8.3,0.54,0.24,3.4,0.076,16.0,112.0,3.27,0.61,9.4,5.0
425,8.2,0.56,0.23,3.4,0.078,14.0,104.0,3.28,0.62,9.4,5.0
426,10.0,0.58,0.22,1.9,0.08,9.0,32.0,3.13,0.55,9.5,5.0
427,7.9,0.51,0.25,2.9,0.077,21.0,45.0,3.49,0.96,12.1,6.0
428,8.8,0.6,0.29,2.2,0.098,5.0,15.0,3.36,0.49,9.1,5.0
429,8.8,0.6,0.29,2.2,0.098,5.0,15.0,3.36,0.49,9.1,5.0
430,8.7,0.54,0.26,2.5,0.0969999999999999,7.0,31.0,3.27,0.6,9.3,6.0
431,7.6,0.685,0.23,2.3,0.111,20.0,84.0,3.21,0.61,9.3,5.0
432,8.7,0.54,0.26,2.5,0.0969999999999999,7.0,31.0,3.27,0.6,9.3,6.0
433,10.4,0.28,0.54,2.7,0.105,5.0,19.0,3.25,0.63,9.5,5.0
434,7.6,0.41,0.14,3.0,0.087,21.0,43.0,3.32,0.57,10.5,6.0
435,10.1,0.935,0.22,3.4,0.105,11.0,86.0,3.43,0.64,11.3,4.0
436,8.7,0.84,0.0,1.4,0.065,24.0,33.0,3.27,0.55,9.7,5.0
437,9.9,0.54,0.45,2.3,0.071,16.0,40.0,3.39,0.62,9.4,5.0
438,9.5,0.59,0.44,2.3,0.071,21.0,68.0,3.46,0.63,9.5,5.0
439,9.9,0.54,0.45,2.3,0.071,16.0,40.0,3.39,0.62,9.4,5.0
440,9.5,0.59,0.44,2.3,0.071,21.0,68.0,3.46,0.63,9.5,5.0
441,9.9,0.54,0.45,2.3,0.071,16.0,40.0,3.39,0.62,9.4,5.0
442,7.3,0.67,0.05,3.6,0.107,6.0,20.0,3.4,0.63,10.1,5.0
443,8.3,0.845,0.01,2.2,0.07,5.0,14.0,3.32,0.58,11.0,4.0
444,8.7,0.48,0.3,2.8,0.066,10.0,28.0,3.33,0.67,11.2,7.0
445,9.4,0.33,0.59,2.8,0.079,9.0,30.0,3.12,0.54,12.0,6.0
446,8.6,0.47,0.47,2.4,0.074,7.0,29.0,3.08,0.46,9.5,5.0
447,9.7,0.55,0.17,2.9,0.087,20.0,53.0,3.14,0.61,9.4,5.0
448,7.2,0.52,0.07,1.4,0.074,5.0,20.0,3.32,0.81,9.6,6.0
449,7.2,0.52,0.07,1.4,0.074,5.0,20.0,3.32,0.81,9.6,6.0
450,7.5,0.42,0.31,1.6,0.08,15.0,42.0,3.31,0.64,9.0,5.0
451,7.2,0.57,0.06,1.6,0.076,9.0,27.0,3.36,0.7,9.6,6.0
452,10.1,0.28,0.46,1.8,0.05,5.0,13.0,3.04,0.79,10.2,6.0
453,12.1,0.4,0.52,2.0,0.092,15.0,54.0,3.03,0.66,10.2,5.0
454,9.4,0.59,0.14,2.0,0.084,25.0,48.0,3.14,0.56,9.7,5.0
455,11.3,0.34,0.45,2.0,0.0819999999999999,6.0,15.0,2.94,0.66,9.2,6.0
456,10.0,0.73,0.43,2.3,0.059,15.0,31.0,3.15,0.57,11.0,5.0
457,11.3,0.34,0.45,2.0,0.0819999999999999,6.0,15.0,2.94,0.66,9.2,6.0
458,6.9,0.4,0.24,2.5,0.083,30.0,45.0,3.26,0.58,10.0,5.0
459,8.2,0.73,0.21,1.7,0.074,5.0,13.0,3.2,0.52,9.5,5.0
460,8.2,0.73,0.21,1.7,0.074,5.0,13.0,3.2,0.52,9.5,5.0
461,10.8,0.4,0.41,2.2,0.084,7.0,17.0,3.08,0.67,9.3,6.0
462,9.3,0.41,0.39,2.2,0.064,12.0,31.0,3.26,0.65,10.2,5.0
463,10.8,0.4,0.41,2.2,0.084,7.0,17.0,3.08,0.67,9.3,6.0
464,8.6,0.8,0.11,2.3,0.084,12.0,31.0,3.4,0.48,9.9,5.0
465,10.8,0.26,0.45,3.3,0.06,20.0,49.0,3.13,0.54,9.6,5.0
466,8.0,0.45,0.23,2.2,0.094,16.0,29.0,3.21,0.49,10.2,6.0
467,8.5,0.46,0.31,2.25,0.078,32.0,58.0,3.33,0.54,9.8,5.0
468,8.1,0.78,0.23,2.6,0.059,5.0,15.0,3.37,0.56,11.3,5.0
469,8.1,0.78,0.23,2.6,0.059,5.0,15.0,3.37,0.56,11.3,5.0
470,7.1,0.65,0.18,1.8,0.07,13.0,40.0,3.44,0.6,9.1,5.0
471,9.1,0.64,0.23,3.1,0.095,13.0,38.0,3.28,0.59,9.7,5.0
472,9.2,0.92,0.24,2.6,0.087,12.0,93.0,3.48,0.54,9.8,5.0
473,9.0,0.48,0.32,2.8,0.084,21.0,122.0,3.32,0.62,9.4,5.0
474,7.0,0.65,0.02,2.1,0.066,8.0,25.0,3.47,0.67,9.5,6.0
475,7.0,0.65,0.02,2.1,0.066,8.0,25.0,3.47,0.67,9.5,6.0
476,9.4,0.615,0.28,3.2,0.087,18.0,72.0,3.31,0.53,9.7,5.0
477,11.8,0.38,0.55,2.1,0.071,5.0,19.0,3.11,0.62,10.8,6.0
478,7.0,0.65,0.02,2.1,0.066,8.0,25.0,3.47,0.67,9.5,6.0
479,7.0,0.64,0.02,2.1,0.067,9.0,23.0,3.47,0.67,9.4,6.0
480,7.5,0.38,0.48,2.6,0.073,22.0,84.0,3.32,0.7,9.6,4.0
481,9.1,0.765,0.04,1.6,0.078,4.0,14.0,3.29,0.54,9.7,4.0
482,7.0,0.78,0.08,2.0,0.093,10.0,19.0,3.4,0.47,10.0,5.0
483,7.4,0.49,0.19,3.0,0.077,16.0,37.0,3.37,0.51,10.5,5.0
484,7.8,0.545,0.12,2.5,0.068,11.0,35.0,3.34,0.61,11.6,6.0
485,9.7,0.31,0.47,1.6,0.062,13.0,33.0,3.27,0.66,10.0,6.0
486,8.9,0.565,0.34,3.0,0.093,16.0,112.0,3.38,0.61,9.5,5.0
487,8.7,0.69,0.0,3.2,0.084,13.0,33.0,3.36,0.45,9.4,5.0
488,8.0,0.43,0.36,2.3,0.075,10.0,48.0,3.34,0.46,9.4,5.0
489,9.9,0.74,0.28,2.6,0.078,21.0,77.0,3.28,0.51,9.8,5.0
490,7.2,0.49,0.18,2.7,0.069,13.0,34.0,3.29,0.48,9.2,6.0
491,8.0,0.43,0.36,2.3,0.075,10.0,48.0,3.34,0.46,9.4,5.0
492,7.6,0.46,0.11,2.6,0.079,12.0,49.0,3.21,0.57,10.0,5.0
493,8.4,0.56,0.04,2.0,0.0819999999999999,10.0,22.0,3.22,0.44,9.6,5.0
494,8.4,0.56,0.04,2.0,0.0819999999999999,10.0,22.0,3.22,0.44,9.6,5.0
495,8.9,0.48,0.24,2.85,0.094,35.0,106.0,3.1,0.53,9.2,5.0
496,7.6,0.42,0.08,2.7,0.084,15.0,48.0,3.21,0.59,10.0,5.0
497,9.0,0.66,0.17,3.0,0.077,5.0,13.0,3.29,0.55,10.4,5.0
498,8.1,0.72,0.09,2.8,0.084,18.0,49.0,3.43,0.72,11.1,6.0
499,6.4,0.57,0.02,1.8,0.067,4.0,11.0,3.46,0.68,9.5,5.0
500,6.4,0.57,0.02,1.8,0.067,4.0,11.0,3.46,0.68,9.5,5.0
501,6.4,0.865,0.03,3.2,0.071,27.0,58.0,3.61,0.49,12.7,6.0
502,8.9,0.875,0.13,3.45,0.088,4.0,14.0,3.44,0.52,11.5,5.0
503,7.3,0.835,0.03,2.1,0.092,10.0,19.0,3.39,0.47,9.6,5.0
504,7.0,0.45,0.34,2.7,0.0819999999999999,16.0,72.0,3.55,0.6,9.5,5.0
505,7.7,0.56,0.2,2.0,0.075,9.0,39.0,3.48,0.62,9.3,5.0
506,7.7,0.965,0.1,2.1,0.1119999999999999,11.0,22.0,3.26,0.5,9.5,5.0
507,7.7,0.965,0.1,2.1,0.1119999999999999,11.0,22.0,3.26,0.5,9.5,5.0
508,8.2,0.59,0.0,2.5,0.093,19.0,58.0,3.5,0.65,9.3,6.0
509,9.0,0.46,0.23,2.8,0.092,28.0,104.0,3.1,0.56,9.2,5.0
510,9.0,0.69,0.0,2.4,0.088,19.0,38.0,3.35,0.6,9.3,5.0
511,6.5,0.615,0.0,1.9,0.065,9.0,18.0,3.46,0.65,9.2,5.0
512,11.6,0.41,0.58,2.8,0.096,25.0,101.0,3.13,0.53,10.0,5.0
513,11.1,0.39,0.54,2.7,0.095,21.0,101.0,3.13,0.51,9.5,5.0
514,7.3,0.51,0.18,2.1,0.07,12.0,28.0,3.52,0.73,9.5,6.0
515,8.2,0.34,0.38,2.5,0.08,12.0,57.0,3.3,0.47,9.0,6.0
516,8.6,0.33,0.4,2.6,0.083,16.0,68.0,3.3,0.48,9.4,5.0
517,7.2,0.5,0.18,2.1,0.071,12.0,31.0,3.52,0.72,9.6,6.0
518,7.3,0.51,0.18,2.1,0.07,12.0,28.0,3.52,0.73,9.5,6.0
519,8.3,0.65,0.1,2.9,0.089,17.0,40.0,3.29,0.55,9.5,5.0
520,8.3,0.65,0.1,2.9,0.089,17.0,40.0,3.29,0.55,9.5,5.0
521,7.6,0.54,0.13,2.5,0.0969999999999999,24.0,66.0,3.39,0.61,9.4,5.0
522,8.3,0.65,0.1,2.9,0.089,17.0,40.0,3.29,0.55,9.5,5.0
523,7.8,0.91,0.07,1.9,0.0579999999999999,22.0,47.0,3.51,0.43,10.7,6.0
524,6.3,0.98,0.01,2.0,0.057,15.0,33.0,3.6,0.46,11.2,6.0
525,8.1,0.87,0.0,2.2,0.084,10.0,31.0,3.25,0.5,9.8,5.0
526,8.1,0.87,0.0,2.2,0.084,10.0,31.0,3.25,0.5,9.8,5.0
527,8.8,0.42,0.21,2.5,0.092,33.0,88.0,3.19,0.52,9.2,5.0
528,9.0,0.58,0.25,2.8,0.075,9.0,104.0,3.23,0.57,9.7,5.0
529,9.3,0.655,0.26,2.0,0.096,5.0,35.0,3.25,0.42,9.6,5.0
530,8.8,0.7,0.0,1.7,0.069,8.0,19.0,3.31,0.53,10.0,6.0
531,9.3,0.655,0.26,2.0,0.096,5.0,35.0,3.25,0.42,9.6,5.0
532,9.1,0.68,0.11,2.8,0.093,11.0,44.0,3.31,0.55,9.5,6.0
533,9.2,0.67,0.1,3.0,0.091,12.0,48.0,3.31,0.54,9.5,6.0
534,8.8,0.59,0.18,2.9,0.089,12.0,74.0,3.14,0.54,9.4,5.0
535,7.5,0.6,0.32,2.7,0.103,13.0,98.0,3.45,0.62,9.5,5.0
536,7.1,0.59,0.02,2.3,0.0819999999999999,24.0,94.0,3.55,0.53,9.7,6.0
537,7.9,0.72,0.01,1.9,0.076,7.0,32.0,3.39,0.54,9.6,5.0
538,7.1,0.59,0.02,2.3,0.0819999999999999,24.0,94.0,3.55,0.53,9.7,6.0
539,7.2,1.0,0.0,3.0,0.102,7.0,16.0,3.43,0.46,10.0,5.0
540,8.3,0.43,0.3,3.4,0.079,7.0,34.0,3.36,0.61,10.5,5.0
541,7.1,0.52,0.03,2.6,0.076,21.0,92.0,3.5,0.6,9.8,5.0
542,6.5,0.46,0.14,2.4,0.114,9.0,37.0,3.66,0.65,9.8,5.0
543,9.0,0.82,0.05,2.4,0.081,26.0,96.0,3.36,0.53,10.0,5.0
544,6.5,0.46,0.14,2.4,0.114,9.0,37.0,3.66,0.65,9.8,5.0
545,7.1,0.59,0.01,2.5,0.077,20.0,85.0,3.55,0.59,9.8,5.0
546,9.9,0.35,0.41,2.3,0.083,11.0,61.0,3.21,0.5,9.5,5.0
547,9.9,0.35,0.41,2.3,0.083,11.0,61.0,3.21,0.5,9.5,5.0
548,10.0,0.56,0.24,2.2,0.079,19.0,58.0,3.18,0.56,10.1,6.0
549,10.0,0.56,0.24,2.2,0.079,19.0,58.0,3.18,0.56,10.1,6.0
550,8.6,0.63,0.17,2.9,0.099,21.0,119.0,3.09,0.52,9.3,5.0
551,7.4,0.37,0.43,2.6,0.0819999999999999,18.0,82.0,3.33,0.68,9.7,6.0
552,7.1,0.61,0.02,2.5,0.081,17.0,87.0,3.48,0.6,9.7,6.0
553,7.7,0.6,0.0,2.6,0.055,7.0,13.0,3.38,0.56,10.8,5.0
554,10.1,0.27,0.54,2.3,0.065,7.0,26.0,3.17,0.53,12.5,6.0
555,9.4,0.5,0.34,3.6,0.0819999999999999,5.0,14.0,3.29,0.52,10.7,6.0
556,9.4,0.5,0.34,3.6,0.0819999999999999,5.0,14.0,3.29,0.52,10.7,6.0
557,8.6,0.55,0.09,3.3,0.068,8.0,17.0,3.23,0.44,10.0,5.0
558,5.1,0.585,0.0,1.7,0.044,14.0,86.0,3.56,0.94,12.9,7.0
559,7.7,0.56,0.08,2.5,0.114,14.0,46.0,3.24,0.66,9.6,6.0
560,8.4,0.52,0.22,2.7,0.084,4.0,18.0,3.26,0.57,9.9,6.0
561,8.2,0.28,0.4,2.4,0.052,4.0,10.0,3.33,0.7,12.8,7.0
562,8.4,0.25,0.39,2.0,0.0409999999999999,4.0,10.0,3.27,0.71,12.5,7.0
563,8.2,0.28,0.4,2.4,0.052,4.0,10.0,3.33,0.7,12.8,7.0
564,7.6,0.48,0.31,2.8,0.07,4.0,15.0,3.22,0.55,10.3,6.0
565,7.3,0.49,0.1,2.6,0.068,4.0,14.0,3.3,0.47,10.5,5.0
566,10.8,0.45,0.33,2.5,0.099,20.0,38.0,3.24,0.71,10.8,5.0
567,6.9,0.39,0.24,2.1,0.102,4.0,7.0,3.44,0.58,11.4,4.0
568,10.8,0.45,0.33,2.5,0.099,20.0,38.0,3.24,0.71,10.8,5.0
569,9.8,0.51,0.19,3.2,0.081,8.0,30.0,3.23,0.58,10.5,6.0
570,10.8,0.29,0.42,1.6,0.084,19.0,27.0,3.28,0.73,11.9,6.0
571,7.1,0.715,0.0,2.35,0.071,21.0,47.0,3.29,0.45,9.4,5.0
572,9.1,0.66,0.15,3.2,0.0969999999999999,9.0,59.0,3.28,0.54,9.6,5.0
573,7.0,0.685,0.0,1.9,0.099,9.0,22.0,3.34,0.6,9.7,5.0
574,6.7,0.54,0.13,2.0,0.076,15.0,36.0,3.61,0.64,9.8,5.0
575,6.7,0.54,0.13,2.0,0.076,15.0,36.0,3.61,0.64,9.8,5.0
576,7.1,0.48,0.28,2.8,0.068,6.0,16.0,3.24,0.53,10.3,5.0
577,7.1,0.46,0.14,2.8,0.076,15.0,37.0,3.36,0.49,10.7,5.0
578,7.5,0.27,0.34,2.3,0.05,4.0,8.0,3.4,0.64,11.0,7.0
579,7.1,0.46,0.14,2.8,0.076,15.0,37.0,3.36,0.49,10.7,5.0
580,5.9,0.61,0.08,2.1,0.071,16.0,24.0,3.56,0.77,11.1,6.0
581,7.5,0.685,0.07,2.5,0.0579999999999999,5.0,9.0,3.38,0.55,10.9,4.0
582,5.9,0.61,0.08,2.1,0.071,16.0,24.0,3.56,0.77,11.1,6.0
583,8.8,0.685,0.26,1.6,0.088,16.0,23.0,3.32,0.47,9.4,5.0
584,7.6,0.665,0.1,1.5,0.066,27.0,55.0,3.39,0.51,9.3,5.0
585,10.1,0.31,0.35,1.6,0.075,9.0,28.0,3.24,0.83,11.2,7.0
586,6.0,0.5,0.04,2.2,0.092,13.0,26.0,3.46,0.47,10.0,5.0
587,11.1,0.42,0.47,2.65,0.085,9.0,34.0,3.24,0.77,12.1,7.0
588,6.6,0.66,0.0,3.0,0.115,21.0,31.0,3.45,0.63,10.3,5.0
589,10.6,0.5,0.45,2.6,0.119,34.0,68.0,3.23,0.72,10.9,6.0
590,7.1,0.685,0.35,2.0,0.088,9.0,92.0,3.28,0.62,9.4,5.0
591,9.9,0.25,0.46,1.7,0.062,26.0,42.0,3.18,0.83,10.6,6.0
592,6.4,0.64,0.21,1.8,0.081,14.0,31.0,3.59,0.66,9.8,5.0
593,6.4,0.64,0.21,1.8,0.081,14.0,31.0,3.59,0.66,9.8,5.0
594,7.4,0.68,0.16,1.8,0.078,12.0,39.0,3.5,0.7,9.9,6.0
595,6.4,0.64,0.21,1.8,0.081,14.0,31.0,3.59,0.66,9.8,5.0
596,6.4,0.63,0.21,1.6,0.08,12.0,32.0,3.58,0.66,9.8,5.0
597,9.3,0.43,0.44,1.9,0.085,9.0,22.0,3.28,0.55,9.5,5.0
598,9.3,0.43,0.44,1.9,0.085,9.0,22.0,3.28,0.55,9.5,5.0
599,9.3,0.36,0.39,1.5,0.08,41.0,55.0,3.47,0.73,10.9,6.0
600,9.3,0.36,0.39,1.5,0.08,41.0,55.0,3.47,0.73,10.9,6.0
601,7.6,0.735,0.02,2.5,0.071,10.0,14.0,3.51,0.71,11.7,7.0
602,9.3,0.36,0.39,1.5,0.08,41.0,55.0,3.47,0.73,10.9,6.0
603,8.2,0.26,0.34,2.5,0.073,16.0,47.0,3.4,0.78,11.3,7.0
604,11.7,0.28,0.47,1.7,0.054,17.0,32.0,3.15,0.67,10.6,7.0
605,6.8,0.56,0.22,1.8,0.074,15.0,24.0,3.4,0.82,11.2,6.0
606,7.2,0.62,0.06,2.7,0.077,15.0,85.0,3.51,0.54,9.5,5.0
607,7.5,0.42,0.32,2.7,0.067,7.0,25.0,3.24,0.44,10.4,5.0
608,7.2,0.62,0.06,2.5,0.078,17.0,84.0,3.51,0.53,9.7,5.0
609,7.2,0.62,0.06,2.7,0.077,15.0,85.0,3.51,0.54,9.5,5.0
610,7.2,0.635,0.07,2.6,0.077,16.0,86.0,3.51,0.54,9.7,5.0
611,6.8,0.49,0.22,2.3,0.071,13.0,24.0,3.41,0.83,11.3,6.0
612,6.9,0.51,0.23,2.0,0.072,13.0,22.0,3.4,0.84,11.2,6.0
613,6.8,0.56,0.22,1.8,0.074,15.0,24.0,3.4,0.82,11.2,6.0
614,7.6,0.63,0.03,2.0,0.08,27.0,43.0,3.44,0.64,10.9,6.0
615,7.7,0.715,0.01,2.1,0.064,31.0,43.0,3.41,0.57,11.8,6.0
616,6.9,0.56,0.03,1.5,0.086,36.0,46.0,3.53,0.57,10.6,5.0
617,7.3,0.35,0.24,2.0,0.067,28.0,48.0,3.43,0.54,10.0,4.0
618,9.1,0.21,0.37,1.6,0.067,6.0,10.0,3.23,0.58,11.1,7.0
619,10.4,0.38,0.46,2.1,0.104,6.0,10.0,3.12,0.65,11.8,7.0
620,8.8,0.31,0.4,2.8,0.109,7.0,16.0,3.31,0.79,11.8,7.0
621,7.1,0.47,0.0,2.2,0.067,7.0,14.0,3.4,0.58,10.9,4.0
622,7.7,0.715,0.01,2.1,0.064,31.0,43.0,3.41,0.57,11.8,6.0
623,7.2,0.6,0.04,2.5,0.076,18.0,88.0,3.53,0.55,9.5,5.0
624,9.2,0.56,0.18,1.6,0.078,10.0,21.0,3.15,0.49,9.9,5.0
625,7.6,0.715,0.0,2.1,0.068,30.0,35.0,3.48,0.65,11.4,6.0
626,7.2,0.6,0.04,2.5,0.076,18.0,88.0,3.53,0.55,9.5,5.0
627,8.9,0.75,0.14,2.5,0.086,9.0,30.0,3.34,0.64,10.5,5.0
628,9.0,0.8,0.12,2.4,0.083,8.0,28.0,3.33,0.65,10.4,6.0
629,10.7,0.52,0.38,2.6,0.066,29.0,56.0,3.15,0.79,12.1,7.0
630,6.8,0.57,0.0,2.5,0.072,32.0,64.0,3.43,0.56,11.2,6.0
631,7.2,0.34,0.24,2.0,0.071,30.0,52.0,3.44,0.58,10.1,5.0
632,7.2,0.66,0.03,2.3,0.078,16.0,86.0,3.53,0.57,9.7,5.0
633,10.1,0.45,0.23,1.9,0.0819999999999999,10.0,18.0,3.22,0.65,9.3,6.0
634,7.2,0.66,0.03,2.3,0.078,16.0,86.0,3.53,0.57,9.7,5.0
635,7.2,0.63,0.03,2.2,0.08,17.0,88.0,3.53,0.58,9.8,6.0
636,7.1,0.59,0.01,2.3,0.08,27.0,43.0,3.42,0.58,10.7,6.0
637,8.3,0.31,0.39,2.4,0.078,17.0,43.0,3.31,0.77,12.5,7.0
638,7.1,0.59,0.01,2.3,0.08,27.0,43.0,3.42,0.58,10.7,6.0
639,8.3,0.31,0.39,2.4,0.078,17.0,43.0,3.31,0.77,12.5,7.0
640,8.9,0.31,0.36,2.6,0.0559999999999999,10.0,39.0,3.4,0.69,11.8,5.0
641,7.4,0.635,0.1,2.4,0.08,16.0,33.0,3.58,0.69,10.8,7.0
642,7.4,0.635,0.1,2.4,0.08,16.0,33.0,3.58,0.69,10.8,7.0
643,9.2,0.58,0.2,3.0,0.081,15.0,115.0,3.23,0.59,9.5,5.0
644,7.2,0.54,0.27,2.6,0.084,12.0,78.0,3.39,0.71,11.0,5.0
645,6.1,0.56,0.0,2.2,0.079,6.0,9.0,3.59,0.54,11.5,6.0
646,7.4,0.52,0.13,2.4,0.078,34.0,61.0,3.43,0.59,10.8,6.0
647,7.3,0.305,0.39,1.2,0.059,7.0,11.0,3.29,0.52,11.5,6.0
648,10.0,0.46,0.44,2.9,0.065,4.0,8.0,3.33,0.62,12.2,6.0
649,7.3,0.305,0.39,1.2,0.059,7.0,11.0,3.29,0.52,11.5,6.0
650,8.6,0.315,0.4,2.2,0.079,3.0,6.0,3.27,0.67,11.9,6.0
651,8.4,0.36,0.32,2.2,0.081,32.0,79.0,3.3,0.72,11.0,6.0
652,8.4,0.62,0.12,1.8,0.072,38.0,46.0,3.38,0.89,11.8,6.0
653,9.6,0.41,0.37,2.3,0.091,10.0,23.0,3.24,0.56,10.5,5.0
654,8.4,0.36,0.32,2.2,0.081,32.0,79.0,3.3,0.72,11.0,6.0
655,8.4,0.62,0.12,1.8,0.072,38.0,46.0,3.38,0.89,11.8,6.0
656,8.6,0.47,0.27,2.3,0.055,14.0,28.0,3.18,0.8,11.2,5.0
657,8.4,0.67,0.19,2.2,0.093,11.0,75.0,3.2,0.59,9.2,4.0
658,8.6,0.47,0.27,2.3,0.055,14.0,28.0,3.18,0.8,11.2,5.0
659,8.7,0.33,0.38,3.3,0.063,10.0,19.0,3.3,0.73,12.0,7.0
660,7.4,0.61,0.01,2.0,0.074,13.0,38.0,3.48,0.65,9.8,5.0
661,7.6,0.4,0.29,1.9,0.078,29.0,66.0,3.45,0.59,9.5,6.0
662,7.4,0.61,0.01,2.0,0.074,13.0,38.0,3.48,0.65,9.8,5.0
663,8.8,0.3,0.38,2.3,0.06,19.0,72.0,3.39,0.72,11.8,6.0
664,8.8,0.3,0.38,2.3,0.06,19.0,72.0,3.39,0.72,11.8,6.0
665,12.0,0.63,0.5,1.4,0.071,6.0,26.0,3.07,0.6,10.4,4.0
666,7.2,0.38,0.38,2.8,0.068,23.0,42.0,3.34,0.72,12.9,7.0
667,6.2,0.46,0.17,1.6,0.073,7.0,11.0,3.61,0.54,11.4,5.0
668,9.6,0.33,0.52,2.2,0.074,13.0,25.0,3.36,0.76,12.4,7.0
669,10.1,0.43,0.4,2.6,0.092,13.0,52.0,3.22,0.64,10.0,7.0
670,9.8,0.5,0.34,2.3,0.094,10.0,45.0,3.24,0.6,9.7,7.0
671,10.2,0.44,0.42,2.0,0.071,7.0,20.0,3.14,0.79,11.1,7.0
672,8.3,0.28,0.48,2.1,0.093,6.0,12.0,3.26,0.62,12.4,7.0
673,8.9,0.12,0.45,1.8,0.075,10.0,21.0,3.41,0.76,11.9,7.0
674,8.9,0.12,0.45,1.8,0.075,10.0,21.0,3.41,0.76,11.9,7.0
675,8.9,0.12,0.45,1.8,0.075,10.0,21.0,3.41,0.76,11.9,7.0
676,8.3,0.28,0.48,2.1,0.093,6.0,12.0,3.26,0.62,12.4,7.0
677,8.2,0.31,0.4,2.2,0.0579999999999999,6.0,10.0,3.31,0.68,11.2,7.0
678,10.2,0.34,0.48,2.1,0.052,5.0,9.0,3.2,0.69,12.1,7.0
679,7.6,0.43,0.4,2.7,0.0819999999999999,6.0,11.0,3.44,0.54,12.2,6.0
680,8.5,0.21,0.52,1.9,0.09,9.0,23.0,3.36,0.67,10.4,5.0
681,9.0,0.36,0.52,2.1,0.111,5.0,10.0,3.31,0.62,11.3,6.0
682,9.5,0.37,0.52,2.0,0.088,12.0,51.0,3.29,0.58,11.1,6.0
683,8.0,0.59,0.05,2.0,0.089,12.0,32.0,3.36,0.61,10.0,5.0
684,8.5,0.47,0.27,1.9,0.0579999999999999,18.0,38.0,3.16,0.85,11.1,6.0
685,7.1,0.56,0.14,1.6,0.078,7.0,18.0,3.27,0.62,9.3,5.0
686,6.6,0.57,0.02,2.1,0.115,6.0,16.0,3.38,0.69,9.5,5.0
687,8.8,0.27,0.39,2.0,0.1,20.0,27.0,3.15,0.69,11.2,6.0
688,8.5,0.47,0.27,1.9,0.0579999999999999,18.0,38.0,3.16,0.85,11.1,6.0
689,8.3,0.34,0.4,2.4,0.065,24.0,48.0,3.34,0.86,11.0,6.0
690,9.0,0.38,0.41,2.4,0.103,6.0,10.0,3.13,0.58,11.9,7.0
691,8.5,0.66,0.2,2.1,0.0969999999999999,23.0,113.0,3.13,0.48,9.2,5.0
692,9.0,0.4,0.43,2.4,0.068,29.0,46.0,3.2,0.6,12.2,6.0
693,6.7,0.56,0.09,2.9,0.079,7.0,22.0,3.46,0.61,10.2,5.0
694,10.4,0.26,0.48,1.9,0.066,6.0,10.0,3.33,0.87,10.9,6.0
695,10.4,0.26,0.48,1.9,0.066,6.0,10.0,3.33,0.87,10.9,6.0
696,10.1,0.38,0.5,2.4,0.104,6.0,13.0,3.22,0.65,11.6,7.0
697,8.5,0.34,0.44,1.7,0.079,6.0,12.0,3.52,0.63,10.7,5.0
698,7.2,0.41,0.3,2.1,0.083,35.0,72.0,3.44,0.52,9.4,5.0
699,7.2,0.41,0.3,2.1,0.083,35.0,72.0,3.44,0.52,9.4,5.0
700,8.4,0.59,0.29,2.6,0.109,31.0,119.0,3.15,0.5,9.1,5.0
701,7.0,0.4,0.32,3.6,0.061,9.0,29.0,3.28,0.49,11.3,7.0
702,12.2,0.45,0.49,1.4,0.075,3.0,6.0,3.13,0.63,10.4,5.0
703,9.1,0.5,0.3,1.9,0.065,8.0,17.0,3.32,0.71,10.5,6.0
704,9.5,0.86,0.26,1.9,0.079,13.0,28.0,3.25,0.62,10.0,5.0
705,9.1,0.5,0.3,1.9,0.065,8.0,17.0,3.32,0.71,10.5,6.0
706,12.2,0.45,0.49,1.4,0.075,3.0,6.0,3.13,0.63,10.4,5.0
707,7.4,0.58,0.0,2.0,0.064,7.0,11.0,3.45,0.58,11.3,6.0
708,9.8,0.34,0.39,1.4,0.066,3.0,7.0,3.19,0.55,11.4,7.0
709,7.1,0.36,0.3,1.6,0.08,35.0,70.0,3.44,0.5,9.4,5.0
710,7.7,0.39,0.12,1.7,0.0969999999999999,19.0,27.0,3.16,0.49,9.4,5.0
711,9.7,0.295,0.4,1.5,0.073,14.0,21.0,3.14,0.51,10.9,6.0
712,7.7,0.39,0.12,1.7,0.0969999999999999,19.0,27.0,3.16,0.49,9.4,5.0
713,7.1,0.34,0.28,2.0,0.0819999999999999,31.0,68.0,3.45,0.48,9.4,5.0
714,6.5,0.4,0.1,2.0,0.076,30.0,47.0,3.36,0.48,9.4,6.0
715,7.1,0.34,0.28,2.0,0.0819999999999999,31.0,68.0,3.45,0.48,9.4,5.0
716,10.0,0.35,0.45,2.5,0.092,20.0,88.0,3.15,0.43,9.4,5.0
717,7.7,0.6,0.06,2.0,0.079,19.0,41.0,3.39,0.62,10.1,6.0
718,8.9,0.84,0.34,1.4,0.05,4.0,10.0,3.12,0.48,9.1,6.0
719,6.4,0.69,0.0,1.65,0.055,7.0,12.0,3.47,0.53,12.9,6.0
720,7.5,0.43,0.3,2.2,0.062,6.0,12.0,3.44,0.72,11.5,7.0
721,9.9,0.35,0.38,1.5,0.0579999999999999,31.0,47.0,3.26,0.82,10.6,7.0
722,9.1,0.29,0.33,2.05,0.063,13.0,27.0,3.26,0.84,11.7,7.0
723,6.8,0.36,0.32,1.8,0.067,4.0,8.0,3.36,0.55,12.8,7.0
724,8.2,0.43,0.29,1.6,0.081,27.0,45.0,3.25,0.54,10.3,5.0
725,6.8,0.36,0.32,1.8,0.067,4.0,8.0,3.36,0.55,12.8,7.0
726,9.1,0.29,0.33,2.05,0.063,13.0,27.0,3.26,0.84,11.7,7.0
727,9.1,0.3,0.34,2.0,0.064,12.0,25.0,3.26,0.84,11.7,7.0
728,8.9,0.35,0.4,3.6,0.11,12.0,24.0,3.23,0.7,12.0,7.0
729,9.6,0.5,0.36,2.8,0.1159999999999999,26.0,55.0,3.18,0.68,10.9,5.0
730,8.9,0.28,0.45,1.7,0.067,7.0,12.0,3.25,0.55,12.3,7.0
731,8.9,0.32,0.31,2.0,0.088,12.0,19.0,3.17,0.55,10.4,6.0
732,7.7,1.005,0.15,2.1,0.102,11.0,32.0,3.23,0.48,10.0,5.0
733,7.5,0.71,0.0,1.6,0.092,22.0,31.0,3.38,0.58,10.0,6.0
734,10.5,0.39,0.46,2.2,0.075,14.0,27.0,3.06,0.84,11.4,6.0
735,8.9,0.38,0.4,2.2,0.068,12.0,28.0,3.27,0.75,12.6,7.0
736,7.0,0.5,0.14,1.8,0.078,10.0,23.0,3.53,0.61,10.4,5.0
737,7.0,0.51,0.09,2.1,0.062,4.0,9.0,3.35,0.54,10.5,5.0
738,8.2,0.32,0.42,2.3,0.098,3.0,9.0,3.27,0.55,12.3,6.0
739,7.7,0.58,0.01,1.8,0.088,12.0,18.0,3.32,0.56,10.5,7.0
740,8.6,0.83,0.0,2.8,0.095,17.0,43.0,3.33,0.6,10.4,6.0
741,7.9,0.31,0.32,1.9,0.066,14.0,36.0,3.41,0.56,12.6,6.0
742,6.4,0.795,0.0,2.2,0.065,28.0,52.0,3.49,0.52,11.6,5.0
743,7.2,0.34,0.21,2.5,0.075,41.0,68.0,3.37,0.54,10.1,6.0
744,7.7,0.58,0.01,1.8,0.088,12.0,18.0,3.32,0.56,10.5,7.0
745,7.1,0.59,0.0,2.1,0.091,9.0,14.0,3.42,0.55,11.5,7.0
746,7.3,0.55,0.01,1.8,0.093,9.0,15.0,3.35,0.58,11.0,7.0
747,7.5,0.57,0.08,2.6,0.089,14.0,27.0,3.3,0.59,10.4,6.0
748,8.9,0.745,0.18,2.5,0.077,15.0,48.0,3.2,0.47,9.7,6.0
749,10.1,0.37,0.34,2.4,0.085,5.0,17.0,3.17,0.65,10.6,7.0
750,7.6,0.31,0.34,2.5,0.0819999999999999,26.0,35.0,3.22,0.59,12.5,7.0
751,7.3,0.91,0.1,1.8,0.074,20.0,56.0,3.35,0.56,9.2,5.0
752,8.9,0.5,0.21,2.2,0.088,21.0,39.0,3.33,0.83,11.1,6.0
753,7.4,0.965,0.0,2.2,0.088,16.0,32.0,3.58,0.67,10.2,5.0
754,6.9,0.49,0.19,1.7,0.079,13.0,26.0,3.38,0.64,9.8,6.0
755,8.9,0.5,0.21,2.2,0.088,21.0,39.0,3.33,0.83,11.1,6.0
756,6.4,0.39,0.33,3.3,0.046,12.0,53.0,3.36,0.62,12.2,6.0
757,6.9,0.44,0.0,1.4,0.07,32.0,38.0,3.32,0.58,11.4,6.0
758,7.6,0.78,0.0,1.7,0.076,33.0,45.0,3.31,0.62,10.7,6.0
759,7.1,0.43,0.17,1.8,0.0819999999999999,27.0,51.0,3.49,0.64,10.4,5.0
760,9.3,0.49,0.36,1.7,0.081,3.0,14.0,3.27,0.78,10.9,6.0
761,9.3,0.5,0.36,1.8,0.084,6.0,17.0,3.27,0.77,10.8,6.0
762,7.1,0.43,0.17,1.8,0.0819999999999999,27.0,51.0,3.49,0.64,10.4,5.0
763,5.6,0.605,0.05,2.4,0.073,19.0,25.0,3.56,0.55,12.9,5.0
764,8.3,0.33,0.42,2.3,0.07,9.0,20.0,3.38,0.77,12.7,7.0
765,8.2,0.64,0.27,2.0,0.095,5.0,77.0,3.13,0.62,9.1,6.0
766,8.2,0.64,0.27,2.0,0.095,5.0,77.0,3.13,0.62,9.1,6.0
767,9.9,0.53,0.57,2.4,0.093,30.0,52.0,3.19,0.76,11.6,7.0
768,11.6,0.23,0.57,1.8,0.074,3.0,8.0,3.14,0.7,9.9,6.0
769,8.0,0.38,0.44,1.9,0.098,6.0,15.0,3.3,0.64,11.4,6.0
770,10.2,0.29,0.65,2.4,0.075,6.0,17.0,3.22,0.63,11.8,6.0
771,8.2,0.74,0.09,2.0,0.067,5.0,10.0,3.28,0.57,11.8,6.0
772,7.7,0.61,0.18,2.4,0.083,6.0,20.0,3.29,0.6,10.2,6.0
773,6.6,0.52,0.08,2.4,0.07,13.0,26.0,3.4,0.72,12.5,7.0
774,11.1,0.31,0.53,2.2,0.06,3.0,10.0,3.02,0.83,10.9,7.0
775,11.1,0.31,0.53,2.2,0.06,3.0,10.0,3.02,0.83,10.9,7.0
776,8.0,0.62,0.35,2.8,0.086,28.0,52.0,3.31,0.62,10.8,5.0
777,9.3,0.33,0.45,1.5,0.057,19.0,37.0,3.18,0.89,11.1,7.0
778,7.2,0.35,0.26,1.8,0.083,33.0,75.0,3.4,0.58,9.5,6.0
779,8.0,0.62,0.33,2.7,0.088,16.0,37.0,3.31,0.58,10.7,6.0
780,9.9,0.32,0.56,2.0,0.073,3.0,8.0,3.15,0.73,11.4,6.0
781,10.3,0.27,0.56,1.4,0.047,3.0,8.0,3.16,0.51,11.8,6.0
782,7.2,0.38,0.3,1.8,0.073,31.0,70.0,3.42,0.59,9.5,6.0
783,8.7,0.42,0.45,2.4,0.072,32.0,59.0,3.33,0.77,12.0,6.0
784,7.2,0.38,0.3,1.8,0.073,31.0,70.0,3.42,0.59,9.5,6.0
785,6.8,0.48,0.08,1.8,0.074,40.0,64.0,3.12,0.49,9.6,5.0
786,7.9,0.19,0.42,1.6,0.057,18.0,30.0,3.29,0.69,11.2,6.0
787,11.6,0.41,0.54,1.5,0.095,22.0,41.0,3.02,0.76,9.9,7.0
788,11.6,0.41,0.54,1.5,0.095,22.0,41.0,3.02,0.76,9.9,7.0
789,7.9,0.34,0.42,2.0,0.086,8.0,19.0,3.35,0.6,11.4,6.0
790,7.0,0.54,0.09,2.0,0.081,10.0,16.0,3.43,0.59,11.5,6.0
791,9.2,0.31,0.36,2.2,0.079,11.0,31.0,3.33,0.86,12.0,7.0
792,9.4,0.4,0.47,2.5,0.087,6.0,20.0,3.15,0.5,10.5,5.0
793,8.6,0.52,0.38,1.5,0.096,5.0,18.0,3.2,0.52,9.4,5.0
794,8.6,0.52,0.38,1.5,0.096,5.0,18.0,3.2,0.52,9.4,5.0
795,8.4,0.34,0.42,2.1,0.072,23.0,36.0,3.11,0.78,12.4,6.0
796,7.4,0.49,0.27,2.1,0.071,14.0,25.0,3.35,0.63,12.0,6.0
797,6.1,0.48,0.09,1.7,0.078,18.0,30.0,3.45,0.54,11.2,6.0
798,7.4,0.49,0.27,2.1,0.071,14.0,25.0,3.35,0.63,12.0,6.0
799,8.0,0.48,0.34,2.2,0.073,16.0,25.0,3.28,0.66,12.4,6.0
800,6.3,0.57,0.28,2.1,0.048,13.0,49.0,3.41,0.6,12.8,5.0
801,8.2,0.23,0.42,1.9,0.069,9.0,17.0,3.21,0.54,12.3,6.0
802,9.1,0.3,0.41,2.0,0.068,10.0,24.0,3.27,0.85,11.7,7.0
803,8.1,0.78,0.1,3.3,0.09,4.0,13.0,3.36,0.49,9.5,5.0
804,8.3,0.53,0.0,1.4,0.07,6.0,14.0,3.25,0.64,10.0,6.0
805,7.9,0.33,0.41,1.5,0.0559999999999999,6.0,35.0,3.29,0.71,11.0,6.0
806,8.9,0.24,0.39,1.6,0.074,3.0,10.0,3.12,0.59,9.5,6.0
807,7.0,0.69,0.07,2.5,0.091,15.0,21.0,3.38,0.6,11.3,6.0
808,7.0,0.69,0.07,2.5,0.091,15.0,21.0,3.38,0.6,11.3,6.0
809,7.0,0.69,0.07,2.5,0.091,15.0,21.0,3.38,0.6,11.3,6.0
810,7.1,0.39,0.12,2.1,0.065,14.0,24.0,3.3,0.53,13.3,6.0
811,5.6,0.66,0.0,2.5,0.066,7.0,15.0,3.52,0.58,12.9,5.0
812,6.6,0.5,0.0,1.8,0.062,21.0,28.0,3.44,0.55,12.3,6.0
813,6.3,0.47,0.0,1.4,0.055,27.0,33.0,3.45,0.48,12.3,6.0
814,10.7,0.4,0.37,1.9,0.081,17.0,29.0,3.12,0.65,11.2,6.0
815,6.5,0.58,0.0,2.2,0.096,3.0,13.0,3.62,0.62,11.5,4.0
816,8.8,0.24,0.35,1.7,0.055,13.0,27.0,3.14,0.59,11.3,7.0
817,5.8,0.29,0.26,1.7,0.063,3.0,11.0,3.39,0.54,13.5,6.0
818,6.3,0.76,0.0,2.9,0.072,26.0,52.0,3.51,0.6,11.5,6.0
819,10.0,0.43,0.33,2.7,0.095,28.0,89.0,3.22,0.68,10.0,5.0
820,10.5,0.43,0.35,3.3,0.092,24.0,70.0,3.21,0.69,10.5,6.0
821,9.1,0.6,0.0,1.9,0.0579999999999999,5.0,10.0,3.18,0.63,10.4,6.0
822,8.5,0.28,0.35,1.7,0.061,6.0,15.0,3.3,0.74,11.8,7.0
823,8.0,0.25,0.43,1.7,0.067,22.0,50.0,3.38,0.6,11.9,6.0
824,10.4,0.52,0.45,2.0,0.08,6.0,13.0,3.22,0.76,11.4,6.0
825,10.4,0.52,0.45,2.0,0.08,6.0,13.0,3.22,0.76,11.4,6.0
826,8.2,0.51,0.24,2.0,0.079,16.0,86.0,3.34,0.64,9.5,6.0
827,7.3,0.4,0.3,1.7,0.08,33.0,79.0,3.41,0.65,9.5,6.0
828,8.2,0.38,0.32,2.5,0.08,24.0,71.0,3.27,0.85,11.0,6.0
829,6.9,0.45,0.11,2.4,0.043,6.0,12.0,3.3,0.65,11.4,6.0
830,7.0,0.22,0.3,1.8,0.065,16.0,20.0,3.61,0.82,10.0,6.0
831,7.3,0.32,0.23,2.3,0.066,35.0,70.0,3.43,0.62,10.1,5.0
832,8.2,0.2,0.43,2.5,0.076,31.0,51.0,3.53,0.81,10.4,6.0
833,7.8,0.39,0.42,2.0,0.086,9.0,21.0,3.39,0.66,11.6,6.0
834,10.0,0.35,0.47,2.0,0.061,6.0,11.0,3.23,0.52,12.0,6.0
835,8.2,0.33,0.32,2.8,0.067,4.0,12.0,3.3,0.76,12.8,7.0
836,6.1,0.58,0.23,2.5,0.044,16.0,70.0,3.46,0.65,12.5,6.0
837,8.3,0.6,0.25,2.2,0.118,9.0,38.0,3.15,0.53,9.8,5.0
838,9.6,0.42,0.35,2.1,0.083,17.0,38.0,3.23,0.66,11.1,6.0
839,8.3,0.6,0.25,2.2,0.118,9.0,38.0,3.15,0.53,9.8,5.0
840,5.1,0.51,0.18,2.1,0.042,16.0,101.0,3.46,0.87,12.9,7.0
841,10.2,0.41,0.43,2.2,0.11,11.0,37.0,3.16,0.67,10.8,5.0
842,10.6,0.36,0.57,2.3,0.087,6.0,20.0,3.14,0.72,11.1,7.0
843,8.8,0.45,0.43,1.4,0.076,12.0,21.0,3.21,0.75,10.2,6.0
844,8.5,0.32,0.42,2.3,0.075,12.0,19.0,3.14,0.71,11.8,7.0
845,9.0,0.785,0.24,1.7,0.078,10.0,21.0,3.29,0.67,10.0,5.0
846,9.0,0.785,0.24,1.7,0.078,10.0,21.0,3.29,0.67,10.0,5.0
847,9.9,0.54,0.26,2.0,0.111,7.0,60.0,2.94,0.98,10.2,5.0
848,8.2,0.33,0.39,2.5,0.074,29.0,48.0,3.32,0.88,12.4,7.0
849,6.5,0.34,0.27,2.8,0.067,8.0,44.0,3.21,0.56,12.0,6.0
850,7.6,0.5,0.29,2.3,0.086,5.0,14.0,3.32,0.62,11.5,6.0
851,9.2,0.36,0.34,1.6,0.062,5.0,12.0,3.2,0.67,10.5,6.0
852,7.1,0.59,0.0,2.2,0.078,26.0,44.0,3.42,0.68,10.8,6.0
853,9.7,0.42,0.46,2.1,0.074,5.0,16.0,3.27,0.74,12.3,6.0
854,7.6,0.36,0.31,1.7,0.079,26.0,65.0,3.46,0.62,9.5,6.0
855,7.6,0.36,0.31,1.7,0.079,26.0,65.0,3.46,0.62,9.5,6.0
856,7.1,0.66,0.0,2.4,0.052,6.0,11.0,3.35,0.66,12.7,7.0
857,5.6,0.915,0.0,2.1,0.0409999999999999,17.0,78.0,3.68,0.73,11.4,5.0
858,8.2,0.35,0.33,2.4,0.076,11.0,47.0,3.27,0.81,11.0,6.0
859,8.2,0.35,0.33,2.4,0.076,11.0,47.0,3.27,0.81,11.0,6.0
860,9.8,0.39,0.43,1.65,0.068,5.0,11.0,3.19,0.46,11.4,5.0
861,10.2,0.4,0.4,2.5,0.068,41.0,54.0,3.38,0.86,10.5,6.0
862,6.8,0.66,0.07,1.6,0.07,16.0,61.0,3.29,0.6,9.3,5.0
863,6.7,0.64,0.23,2.1,0.08,11.0,119.0,3.36,0.7,10.9,5.0
864,7.0,0.43,0.3,2.0,0.085,6.0,39.0,3.33,0.46,11.9,6.0
865,7.0,0.43,0.3,2.0,0.085,6.0,39.0,3.33,0.46,11.9,6.0
866,6.7,0.64,0.23,2.1,0.08,11.0,119.0,3.36,0.7,10.9,5.0
867,8.8,0.955,0.05,1.8,0.075,5.0,19.0,3.3,0.44,9.6,4.0
868,7.2,0.25,0.37,2.5,0.063,11.0,41.0,3.52,0.8,12.4,7.0
869,7.0,0.745,0.12,1.8,0.114,15.0,64.0,3.22,0.59,9.5,6.0
870,6.2,0.43,0.22,1.8,0.078,21.0,56.0,3.52,0.6,9.5,6.0
871,7.9,0.58,0.23,2.3,0.076,23.0,94.0,3.21,0.58,9.5,6.0
872,7.7,0.57,0.21,1.5,0.069,4.0,9.0,3.16,0.54,9.8,6.0
873,7.7,0.26,0.26,2.0,0.052,19.0,77.0,3.15,0.79,10.9,6.0
874,7.9,0.58,0.23,2.3,0.076,23.0,94.0,3.21,0.58,9.5,6.0
875,7.7,0.57,0.21,1.5,0.069,4.0,9.0,3.16,0.54,9.8,6.0
876,7.9,0.34,0.36,1.9,0.065,5.0,10.0,3.27,0.54,11.2,7.0
877,7.2,0.36,0.46,2.1,0.074,24.0,44.0,3.4,0.85,11.0,7.0
878,7.2,0.36,0.46,2.1,0.074,24.0,44.0,3.4,0.85,11.0,7.0
879,7.2,0.36,0.46,2.1,0.074,24.0,44.0,3.4,0.85,11.0,7.0
880,7.2,0.36,0.46,2.1,0.074,24.0,44.0,3.4,0.85,11.0,7.0
881,6.2,0.39,0.43,2.0,0.071,14.0,24.0,3.45,0.87,11.2,7.0
882,6.8,0.65,0.02,2.1,0.078,8.0,15.0,3.35,0.62,10.4,6.0
883,6.6,0.44,0.15,2.1,0.076,22.0,53.0,3.32,0.62,9.3,5.0
884,6.8,0.65,0.02,2.1,0.078,8.0,15.0,3.35,0.62,10.4,6.0
885,9.6,0.38,0.42,1.9,0.071,5.0,13.0,3.15,0.75,10.5,6.0
886,10.2,0.33,0.46,1.9,0.081,6.0,9.0,3.1,0.48,10.4,6.0
887,8.8,0.27,0.46,2.1,0.095,20.0,29.0,3.26,0.56,11.3,6.0
888,7.9,0.57,0.31,2.0,0.079,10.0,79.0,3.29,0.69,9.5,6.0
889,8.2,0.4,0.31,1.9,0.0819999999999999,8.0,24.0,3.24,0.69,10.6,6.0
890,9.0,0.39,0.4,1.3,0.044,25.0,50.0,3.2,0.83,10.9,6.0
891,8.1,0.53,0.22,2.2,0.078,33.0,89.0,3.26,0.46,9.6,6.0
892,10.5,0.36,0.47,2.2,0.074,9.0,23.0,3.23,0.76,12.0,6.0
893,9.2,0.46,0.23,2.6,0.091,18.0,77.0,3.15,0.51,9.4,5.0
894,9.0,0.58,0.25,2.0,0.104,8.0,21.0,3.27,0.72,9.6,5.0
895,7.6,0.43,0.29,2.1,0.075,19.0,66.0,3.4,0.64,9.5,5.0
896,7.7,0.18,0.34,2.7,0.066,15.0,58.0,3.37,0.78,11.8,6.0
897,7.6,0.43,0.29,2.1,0.075,19.0,66.0,3.4,0.64,9.5,5.0
898,10.2,0.23,0.37,2.2,0.057,14.0,36.0,3.23,0.49,9.3,4.0
899,7.1,0.75,0.01,2.2,0.059,11.0,18.0,3.39,0.4,12.8,6.0
900,7.8,0.55,0.0,1.7,0.07,7.0,17.0,3.26,0.64,9.4,6.0
901,7.1,0.75,0.01,2.2,0.059,11.0,18.0,3.39,0.4,12.8,6.0
902,8.1,0.73,0.0,2.5,0.081,12.0,24.0,3.38,0.46,9.6,4.0
903,7.5,0.61,0.2,1.7,0.076,36.0,60.0,3.1,0.4,9.3,5.0
904,9.8,0.37,0.39,2.5,0.079,28.0,65.0,3.16,0.59,9.8,5.0
905,9.0,0.4,0.41,2.0,0.0579999999999999,15.0,40.0,3.22,0.6,12.2,6.0
906,8.3,0.56,0.22,2.4,0.0819999999999999,10.0,86.0,3.37,0.62,9.5,5.0
907,7.4,0.55,0.19,1.8,0.0819999999999999,15.0,34.0,3.49,0.68,10.5,5.0
908,7.4,0.74,0.07,1.7,0.086,15.0,48.0,3.12,0.48,10.0,5.0
909,7.4,0.55,0.19,1.8,0.0819999999999999,15.0,34.0,3.49,0.68,10.5,5.0
910,6.9,0.41,0.33,2.2,0.081,22.0,36.0,3.41,0.75,11.1,6.0
911,7.1,0.6,0.01,2.3,0.079,24.0,37.0,3.4,0.61,10.9,6.0
912,7.1,0.6,0.01,2.3,0.079,24.0,37.0,3.4,0.61,10.9,6.0
913,7.5,0.58,0.14,2.2,0.077,27.0,60.0,3.28,0.59,9.8,5.0
914,7.9,0.66,0.0,1.4,0.096,6.0,13.0,3.43,0.58,9.5,5.0
915,7.8,0.7,0.06,1.9,0.079,20.0,35.0,3.4,0.69,10.9,5.0
916,6.1,0.64,0.02,2.4,0.069,26.0,46.0,3.47,0.45,11.0,5.0
917,9.8,0.45,0.38,2.5,0.081,34.0,66.0,3.15,0.58,9.8,5.0
918,8.2,0.78,0.0,2.2,0.089,13.0,26.0,3.37,0.46,9.6,4.0
919,8.5,0.37,0.32,1.8,0.066,26.0,51.0,3.38,0.72,11.8,6.0
920,7.2,0.57,0.05,2.3,0.081,16.0,36.0,3.38,0.6,10.3,6.0
921,7.2,0.57,0.05,2.3,0.081,16.0,36.0,3.38,0.6,10.3,6.0
922,10.4,0.43,0.5,2.3,0.068,13.0,19.0,3.1,0.87,11.4,6.0
923,6.9,0.41,0.31,2.0,0.079,21.0,51.0,3.47,0.55,9.5,6.0
924,7.3,0.44,0.2,1.6,0.049,24.0,64.0,3.38,0.57,11.7,6.0
925,5.9,0.46,0.0,1.9,0.077,25.0,44.0,3.5,0.53,11.2,5.0
926,7.5,0.58,0.2,2.0,0.073,34.0,44.0,3.1,0.43,9.3,5.0
927,7.8,0.58,0.13,2.1,0.102,17.0,36.0,3.24,0.53,11.2,6.0
928,8.0,0.715,0.22,2.3,0.075,13.0,81.0,3.24,0.54,9.5,6.0
929,7.0,0.69,0.0,1.9,0.114,3.0,10.0,3.35,0.6,9.7,6.0
930,8.0,0.715,0.22,2.3,0.075,13.0,81.0,3.24,0.54,9.5,6.0
931,9.8,0.3,0.39,1.7,0.062,3.0,9.0,3.14,0.57,11.5,7.0
932,7.1,0.46,0.2,1.9,0.077,28.0,54.0,3.37,0.64,10.4,6.0
933,7.1,0.46,0.2,1.9,0.077,28.0,54.0,3.37,0.64,10.4,6.0
934,7.9,0.765,0.0,2.0,0.084,9.0,22.0,3.33,0.68,10.9,6.0
935,8.7,0.63,0.28,2.7,0.096,17.0,69.0,3.26,0.63,10.2,6.0
936,7.0,0.42,0.19,2.3,0.071,18.0,36.0,3.39,0.56,10.9,5.0
937,11.3,0.37,0.5,1.8,0.09,20.0,47.0,3.15,0.57,10.5,5.0
938,7.1,0.16,0.44,2.5,0.068,17.0,31.0,3.35,0.54,12.4,6.0
939,8.0,0.6,0.08,2.6,0.0559999999999999,3.0,7.0,3.22,0.37,13.0,5.0
940,7.6,0.74,0.0,1.9,0.1,6.0,12.0,3.36,0.59,11.0,5.0
941,8.2,0.635,0.1,2.1,0.073,25.0,60.0,3.29,0.75,10.9,6.0
942,5.9,0.395,0.13,2.4,0.0559999999999999,14.0,28.0,3.62,0.67,12.4,6.0
943,7.5,0.755,0.0,1.9,0.084,6.0,12.0,3.34,0.49,9.7,4.0
944,8.2,0.635,0.1,2.1,0.073,25.0,60.0,3.29,0.75,10.9,6.0
945,7.2,0.53,0.14,2.1,0.064,15.0,29.0,3.35,0.61,12.1,6.0
946,5.7,0.6,0.0,1.4,0.063,11.0,18.0,3.45,0.56,12.2,6.0
947,6.7,0.86,0.07,2.0,0.1,20.0,57.0,3.6,0.74,11.7,6.0
948,9.1,0.37,0.32,2.1,0.064,4.0,15.0,3.3,0.8,11.2,6.0
949,8.0,0.28,0.44,1.8,0.081,28.0,68.0,3.36,0.66,11.2,5.0
950,7.6,0.79,0.21,2.3,0.087,21.0,68.0,3.12,0.44,9.2,5.0
951,7.5,0.61,0.26,1.9,0.073,24.0,88.0,3.3,0.53,9.8,5.0
952,9.7,0.69,0.32,2.5,0.088,22.0,91.0,3.29,0.62,10.1,5.0
953,9.7,0.69,0.32,2.5,0.088,22.0,91.0,3.29,0.62,10.1,5.0
954,7.0,0.62,0.1,1.4,0.071,27.0,63.0,3.28,0.61,9.2,5.0
955,7.5,0.61,0.26,1.9,0.073,24.0,88.0,3.3,0.53,9.8,5.0
956,6.5,0.51,0.15,3.0,0.064,12.0,27.0,3.33,0.59,12.8,6.0
957,7.0,0.36,0.21,2.3,0.086,20.0,65.0,3.4,0.54,10.1,6.0
958,7.0,0.36,0.21,2.4,0.086,24.0,69.0,3.4,0.53,10.1,6.0
959,7.5,0.63,0.27,2.0,0.083,17.0,91.0,3.26,0.58,9.8,6.0
960,9.9,0.44,0.46,2.2,0.091,10.0,41.0,3.18,0.69,11.9,6.0
961,7.5,0.63,0.27,2.0,0.083,17.0,91.0,3.26,0.58,9.8,6.0
962,9.7,0.66,0.34,2.6,0.094,12.0,88.0,3.26,0.66,10.1,5.0
963,9.1,0.34,0.42,1.8,0.0579999999999999,9.0,18.0,3.18,0.55,11.4,5.0
964,9.1,0.36,0.39,1.8,0.06,21.0,55.0,3.18,0.82,11.0,7.0
965,6.7,0.46,0.24,1.7,0.077,18.0,34.0,3.39,0.6,10.6,6.0
966,6.7,0.46,0.24,1.7,0.077,18.0,34.0,3.39,0.6,10.6,6.0
967,6.7,0.46,0.24,1.7,0.077,18.0,34.0,3.39,0.6,10.6,6.0
968,6.7,0.46,0.24,1.7,0.077,18.0,34.0,3.39,0.6,10.6,6.0
969,6.5,0.52,0.11,1.8,0.073,13.0,38.0,3.34,0.52,9.3,5.0
970,7.4,0.6,0.26,2.1,0.083,17.0,91.0,3.29,0.56,9.8,6.0
971,7.4,0.6,0.26,2.1,0.083,17.0,91.0,3.29,0.56,9.8,6.0
972,8.4,0.39,0.1,1.7,0.075,6.0,25.0,3.09,0.43,9.7,6.0
973,9.1,0.775,0.22,2.2,0.079,12.0,48.0,3.18,0.51,9.6,5.0
974,6.6,0.58,0.02,2.4,0.069,19.0,40.0,3.38,0.66,12.6,6.0
975,6.0,0.5,0.0,1.4,0.057,15.0,26.0,3.36,0.45,9.5,5.0
976,6.0,0.5,0.0,1.4,0.057,15.0,26.0,3.36,0.45,9.5,5.0
977,6.0,0.5,0.0,1.4,0.057,15.0,26.0,3.36,0.45,9.5,5.0
978,7.5,0.51,0.02,1.7,0.084,13.0,31.0,3.36,0.54,10.5,6.0
979,7.5,0.51,0.02,1.7,0.084,13.0,31.0,3.36,0.54,10.5,6.0
980,7.5,0.51,0.02,1.7,0.084,13.0,31.0,3.36,0.54,10.5,6.0
981,7.6,0.54,0.02,1.7,0.085,17.0,31.0,3.37,0.51,10.4,6.0
982,7.5,0.51,0.02,1.7,0.084,13.0,31.0,3.36,0.54,10.5,6.0
983,11.5,0.42,0.48,2.6,0.077,8.0,20.0,3.09,0.53,11.0,5.0
984,8.2,0.44,0.24,2.3,0.063,10.0,28.0,3.25,0.53,10.2,6.0
985,6.1,0.59,0.01,2.1,0.0559999999999999,5.0,13.0,3.52,0.56,11.4,5.0
986,7.2,0.655,0.03,1.8,0.078,7.0,12.0,3.34,0.39,9.5,5.0
987,7.2,0.655,0.03,1.8,0.078,7.0,12.0,3.34,0.39,9.5,5.0
988,6.9,0.57,0.0,2.8,0.081,21.0,41.0,3.41,0.52,10.8,5.0
989,9.0,0.6,0.29,2.0,0.069,32.0,73.0,3.34,0.57,10.0,5.0
990,7.2,0.62,0.01,2.3,0.065,8.0,46.0,3.32,0.51,11.8,6.0
991,7.6,0.645,0.03,1.9,0.086,14.0,57.0,3.37,0.46,10.3,5.0
992,7.6,0.645,0.03,1.9,0.086,14.0,57.0,3.37,0.46,10.3,5.0
993,7.2,0.58,0.03,2.3,0.077,7.0,28.0,3.35,0.52,10.0,5.0
994,6.1,0.32,0.25,1.8,0.086,5.0,32.0,3.36,0.44,10.1,5.0
995,6.1,0.34,0.25,1.8,0.084,4.0,28.0,3.36,0.44,10.1,5.0
996,7.3,0.43,0.24,2.5,0.078,27.0,67.0,3.6,0.59,11.1,6.0
997,11.6,0.475,0.4,1.4,0.091,6.0,28.0,3.07,0.65,10.0333333333333,6.0
998,9.2,0.54,0.31,2.3,0.1119999999999999,11.0,38.0,3.24,0.56,10.9,5.0
999,8.3,0.85,0.14,2.5,0.093,13.0,54.0,3.36,0.54,10.1,5.0
1000,11.6,0.475,0.4,1.4,0.091,6.0,28.0,3.07,0.65,10.0333333333333,6.0
1001,8.0,0.83,0.27,2.0,0.08,11.0,63.0,3.29,0.48,9.8,4.0
1002,7.2,0.605,0.02,1.9,0.096,10.0,31.0,3.46,0.53,11.8,6.0
1003,7.8,0.5,0.09,2.2,0.115,10.0,42.0,3.18,0.62,9.5,5.0
1004,7.3,0.74,0.08,1.7,0.094,10.0,45.0,3.24,0.5,9.8,5.0
1005,8.0,0.77,0.32,2.1,0.079,16.0,74.0,3.27,0.5,9.8,6.0
1006,6.6,0.61,0.0,1.6,0.069,4.0,8.0,3.33,0.37,10.4,4.0
1007,7.2,0.56,0.26,2.0,0.083,13.0,100.0,3.26,0.52,9.9,5.0
1008,8.2,0.885,0.2,1.4,0.086,7.0,31.0,3.11,0.46,10.0,5.0
1009,7.2,0.45,0.15,2.0,0.078,10.0,28.0,3.29,0.51,9.9,6.0
1010,7.5,0.57,0.02,2.6,0.077,11.0,35.0,3.36,0.62,10.8,6.0
1011,7.5,0.57,0.02,2.6,0.077,11.0,35.0,3.36,0.62,10.8,6.0
1012,6.8,0.83,0.09,1.8,0.074,4.0,25.0,3.38,0.45,9.6,5.0
1013,8.0,0.6,0.22,2.1,0.08,25.0,105.0,3.3,0.49,9.9,5.0
1014,8.0,0.6,0.22,2.1,0.08,25.0,105.0,3.3,0.49,9.9,5.0
1015,7.1,0.755,0.15,1.8,0.107,20.0,84.0,3.19,0.5,9.5,5.0
1016,8.0,0.81,0.25,3.4,0.076,34.0,85.0,3.19,0.42,9.2,5.0
1017,7.4,0.64,0.07,1.8,0.1,8.0,23.0,3.3,0.58,9.6,5.0
1018,7.4,0.64,0.07,1.8,0.1,8.0,23.0,3.3,0.58,9.6,5.0
1019,6.7,0.48,0.02,2.2,0.08,36.0,111.0,3.1,0.53,9.7,5.0
1020,6.0,0.49,0.0,2.3,0.068,15.0,33.0,3.58,0.59,12.5,6.0
1021,8.0,0.64,0.22,2.4,0.094,5.0,33.0,3.37,0.58,11.0,5.0
1022,7.1,0.62,0.06,1.3,0.07,5.0,12.0,3.17,0.48,9.8,5.0
1023,8.0,0.52,0.25,2.0,0.078,19.0,59.0,3.3,0.48,10.2,5.0
1024,8.6,0.685,0.1,1.6,0.092,3.0,12.0,3.31,0.65,9.55,6.0
1025,8.7,0.675,0.1,1.6,0.09,4.0,11.0,3.31,0.65,9.55,5.0
1026,7.3,0.59,0.26,2.0,0.08,17.0,104.0,3.28,0.52,9.9,5.0
1027,7.0,0.6,0.12,2.2,0.083,13.0,28.0,3.52,0.62,10.2,7.0
1028,7.2,0.67,0.0,2.2,0.068,10.0,24.0,3.42,0.72,11.1,6.0
1029,7.6,0.3,0.42,2.0,0.052,6.0,24.0,3.44,0.82,11.9,6.0
1030,8.0,0.5,0.39,2.6,0.0819999999999999,12.0,46.0,3.43,0.62,10.7,6.0
1031,7.7,0.28,0.3,2.0,0.062,18.0,34.0,3.28,0.9,11.3,7.0
1032,6.0,0.51,0.0,2.1,0.064,40.0,54.0,3.54,0.93,10.7,6.0
1033,6.0,0.51,0.0,2.1,0.064,40.0,54.0,3.54,0.93,10.7,6.0
1034,6.6,0.96,0.0,1.8,0.0819999999999999,5.0,16.0,3.5,0.44,11.9,6.0
1035,6.4,0.47,0.4,2.4,0.071,8.0,19.0,3.56,0.73,10.6,6.0
1036,9.9,0.57,0.25,2.0,0.104,12.0,89.0,3.04,0.9,10.1,5.0
1037,10.0,0.32,0.59,2.2,0.077,3.0,15.0,3.2,0.78,9.6,5.0
1038,6.2,0.58,0.0,1.6,0.065,8.0,18.0,3.56,0.84,9.4,5.0
1039,10.0,0.32,0.59,2.2,0.077,3.0,15.0,3.2,0.78,9.6,5.0
1040,7.3,0.34,0.33,2.5,0.064,21.0,37.0,3.35,0.77,12.1,7.0
1041,7.8,0.53,0.01,1.6,0.077,3.0,19.0,3.16,0.46,9.8,5.0
1042,7.8,0.53,0.01,1.6,0.077,3.0,19.0,3.16,0.46,9.8,5.0
1043,7.5,0.4,0.18,1.6,0.079,24.0,58.0,3.34,0.58,9.4,5.0
1044,7.0,0.54,0.0,2.1,0.079,39.0,55.0,3.39,0.84,11.4,6.0
1045,8.3,0.26,0.37,1.4,0.076,8.0,23.0,3.26,0.7,9.6,6.0
1046,8.3,0.26,0.37,1.4,0.076,8.0,23.0,3.26,0.7,9.6,6.0
1047,7.7,0.23,0.37,1.8,0.046,23.0,60.0,3.41,0.71,12.1,6.0
1048,7.6,0.41,0.33,2.5,0.078,6.0,23.0,3.3,0.58,11.2,5.0
1049,7.8,0.64,0.0,1.9,0.072,27.0,55.0,3.31,0.63,11.0,5.0
1050,7.9,0.18,0.4,2.2,0.049,38.0,67.0,3.33,0.93,11.3,5.0
1051,7.4,0.41,0.24,1.8,0.066,18.0,47.0,3.37,0.62,10.4,5.0
1052,7.6,0.43,0.31,2.1,0.069,13.0,74.0,3.26,0.54,9.9,6.0
1053,5.9,0.44,0.0,1.6,0.042,3.0,11.0,3.48,0.85,11.7,6.0
1054,6.1,0.4,0.16,1.8,0.069,11.0,25.0,3.42,0.74,10.1,7.0
1055,7.0,0.59,0.0,1.7,0.052,3.0,8.0,3.41,0.47,10.3,5.0
1056,7.3,0.67,0.02,2.2,0.072,31.0,92.0,3.32,0.68,11.066666666666698,6.0
1057,7.2,0.37,0.32,2.0,0.062,15.0,28.0,3.23,0.73,11.3,7.0
1058,6.9,0.63,0.02,1.9,0.078,18.0,30.0,3.4,0.75,9.8,5.0
1059,6.9,0.58,0.2,1.75,0.0579999999999999,8.0,22.0,3.38,0.49,11.7,5.0
1060,7.3,0.67,0.02,2.2,0.072,31.0,92.0,3.32,0.68,11.1,6.0
1061,6.9,0.63,0.02,1.9,0.078,18.0,30.0,3.4,0.75,9.8,5.0
1062,6.8,0.67,0.0,1.9,0.08,22.0,39.0,3.4,0.74,9.7,5.0
1063,6.9,0.58,0.01,1.9,0.08,40.0,54.0,3.4,0.73,9.7,5.0
1064,7.2,0.37,0.32,2.0,0.062,15.0,28.0,3.23,0.73,11.3,7.0
1065,7.8,0.32,0.44,2.7,0.104,8.0,17.0,3.33,0.78,11.0,7.0
1066,6.6,0.58,0.02,2.0,0.062,37.0,53.0,3.35,0.76,11.6,7.0
1067,7.6,0.49,0.33,1.9,0.074,27.0,85.0,3.41,0.58,9.0,5.0
1068,11.7,0.45,0.63,2.2,0.073,7.0,23.0,3.21,0.69,10.9,6.0
1069,6.5,0.9,0.0,1.6,0.052,9.0,17.0,3.5,0.63,10.9,6.0
1070,6.0,0.54,0.06,1.8,0.05,38.0,89.0,3.3,0.5,10.55,6.0
1071,7.6,0.49,0.33,1.9,0.074,27.0,85.0,3.41,0.58,9.0,5.0
1072,8.4,0.29,0.4,1.7,0.067,8.0,20.0,3.39,0.6,10.5,5.0
1073,7.9,0.2,0.35,1.7,0.054,7.0,15.0,3.32,0.8,11.9,7.0
1074,6.4,0.42,0.09,2.3,0.054,34.0,64.0,3.41,0.68,10.4,6.0
1075,6.2,0.785,0.0,2.1,0.06,6.0,13.0,3.59,0.61,10.0,4.0
1076,6.8,0.64,0.03,2.3,0.075,14.0,31.0,3.36,0.58,10.4,6.0
1077,6.9,0.63,0.01,2.4,0.076,14.0,39.0,3.34,0.53,10.8,6.0
1078,6.8,0.59,0.1,1.7,0.063,34.0,53.0,3.41,0.67,9.7,5.0
1079,6.8,0.59,0.1,1.7,0.063,34.0,53.0,3.41,0.67,9.7,5.0
1080,7.3,0.48,0.32,2.1,0.062,31.0,54.0,3.3,0.65,10.0,7.0
1081,7.3,0.48,0.32,2.1,0.062,31.0,54.0,3.3,0.65,10.0,7.0
1082,7.6,0.35,0.6,2.6,0.073,23.0,44.0,3.38,0.79,11.1,6.0
1083,6.1,0.6,0.08,1.8,0.071,14.0,45.0,3.38,0.54,11.0,5.0
1084,8.2,0.28,0.6,3.0,0.104,10.0,22.0,3.39,0.68,10.6,5.0
1085,5.6,0.62,0.03,1.5,0.08,6.0,13.0,3.66,0.62,10.1,4.0
1086,8.2,0.28,0.6,3.0,0.104,10.0,22.0,3.39,0.68,10.6,5.0
1087,7.2,0.58,0.54,2.1,0.114,3.0,9.0,3.33,0.57,10.3,4.0
1088,8.1,0.33,0.44,1.5,0.042,6.0,12.0,3.35,0.61,10.7,5.0
1089,6.8,0.91,0.06,2.0,0.06,4.0,11.0,3.53,0.64,10.9,4.0
1090,7.0,0.655,0.16,2.1,0.074,8.0,25.0,3.37,0.55,9.7,5.0
1091,6.8,0.68,0.21,2.1,0.07,9.0,23.0,3.38,0.6,10.3,5.0
1092,6.0,0.64,0.05,1.9,0.066,9.0,17.0,3.52,0.78,10.6,5.0
1093,6.2,0.57,0.1,2.1,0.048,4.0,11.0,3.44,0.76,10.8,6.0
1094,6.2,0.65,0.06,1.6,0.05,6.0,18.0,3.57,0.54,11.95,5.0
1095,6.4,0.31,0.09,1.4,0.066,15.0,28.0,3.42,0.7,10.0,7.0
1096,7.0,0.43,0.02,1.9,0.08,15.0,28.0,3.35,0.81,10.6,6.0
1097,6.9,0.74,0.03,2.3,0.054,7.0,16.0,3.45,0.63,11.5,6.0
1098,6.6,0.895,0.04,2.3,0.068,7.0,13.0,3.53,0.58,10.8,6.0
1099,6.9,0.74,0.03,2.3,0.054,7.0,16.0,3.45,0.63,11.5,6.0
1100,7.5,0.725,0.04,1.5,0.076,8.0,15.0,3.26,0.53,9.6,5.0
1101,7.3,0.585,0.18,2.4,0.078,15.0,60.0,3.31,0.54,9.8,5.0
1102,6.2,0.44,0.39,2.5,0.077,6.0,14.0,3.51,0.69,11.0,6.0
1103,7.5,0.38,0.57,2.3,0.106,5.0,12.0,3.36,0.55,11.4,6.0
1104,6.8,0.81,0.05,2.0,0.07,6.0,14.0,3.51,0.66,10.8,6.0
1105,7.5,0.38,0.57,2.3,0.106,5.0,12.0,3.36,0.55,11.4,6.0
1106,7.1,0.27,0.6,2.1,0.074,17.0,25.0,3.38,0.72,10.6,6.0
1107,7.9,0.18,0.4,1.8,0.062,7.0,20.0,3.28,0.7,11.1,5.0
1108,6.4,0.36,0.21,2.2,0.047,26.0,48.0,3.47,0.77,9.7,6.0
1109,7.1,0.69,0.04,2.1,0.068,19.0,27.0,3.44,0.67,9.8,5.0
1110,6.4,0.79,0.04,2.2,0.061,11.0,17.0,3.53,0.65,10.4,6.0
1111,6.4,0.56,0.15,1.8,0.078,17.0,65.0,3.33,0.6,10.5,6.0
1112,6.1,0.32,0.25,2.3,0.071,23.0,58.0,3.42,0.97,10.6,5.0
1113,6.5,0.53,0.06,2.0,0.063,29.0,44.0,3.38,0.83,10.3,6.0
1114,7.4,0.47,0.46,2.2,0.114,7.0,20.0,3.32,0.63,10.5,5.0
1115,6.6,0.7,0.08,2.6,0.106,14.0,27.0,3.44,0.58,10.2,5.0
1116,6.5,0.53,0.06,2.0,0.063,29.0,44.0,3.38,0.83,10.3,6.0
1117,6.9,0.48,0.2,1.9,0.0819999999999999,9.0,23.0,3.39,0.43,9.05,4.0
1118,6.1,0.32,0.25,2.3,0.071,23.0,58.0,3.42,0.97,10.6,5.0
1119,6.8,0.48,0.25,2.0,0.076,29.0,61.0,3.34,0.6,10.4,5.0
1120,6.0,0.42,0.19,2.0,0.075,22.0,47.0,3.39,0.78,10.0,6.0
1121,6.7,0.48,0.08,2.1,0.064,18.0,34.0,3.33,0.64,9.7,5.0
1122,6.8,0.47,0.08,2.2,0.064,18.0,38.0,3.3,0.65,9.6,6.0
1123,7.1,0.53,0.07,1.7,0.071,15.0,24.0,3.29,0.66,10.8,6.0
1124,7.9,0.29,0.49,2.2,0.096,21.0,59.0,3.31,0.67,10.1,6.0
1125,7.1,0.69,0.08,2.1,0.063,42.0,52.0,3.42,0.6,10.2,6.0
1126,6.6,0.44,0.09,2.2,0.063,9.0,18.0,3.42,0.69,11.3,6.0
1127,6.1,0.705,0.1,2.8,0.081,13.0,28.0,3.6,0.66,10.2,5.0
1128,7.2,0.53,0.13,2.0,0.0579999999999999,18.0,22.0,3.21,0.68,9.9,6.0
1129,8.0,0.39,0.3,1.9,0.074,32.0,84.0,3.39,0.61,9.0,5.0
1130,6.6,0.56,0.14,2.4,0.064,13.0,29.0,3.42,0.62,11.7,7.0
1131,7.0,0.55,0.13,2.2,0.075,15.0,35.0,3.36,0.59,9.7,6.0
1132,6.1,0.53,0.08,1.9,0.077,24.0,45.0,3.6,0.68,10.3,6.0
1133,5.4,0.58,0.08,1.9,0.059,20.0,31.0,3.5,0.64,10.2,6.0
1134,6.2,0.64,0.09,2.5,0.081,15.0,26.0,3.57,0.63,12.0,5.0
1135,7.2,0.39,0.32,1.8,0.065,34.0,60.0,3.46,0.78,9.9,5.0
1136,7.4,0.25,0.29,2.2,0.054,19.0,49.0,3.4,0.76,10.9,7.0
1137,6.7,0.855,0.02,1.9,0.064,29.0,38.0,3.3,0.56,10.75,6.0
1138,11.1,0.44,0.42,2.2,0.064,14.0,19.0,3.25,0.57,10.4,6.0
1139,8.4,0.37,0.43,2.3,0.063,12.0,19.0,3.17,0.81,11.2,7.0
1140,6.5,0.63,0.33,1.8,0.059,16.0,28.0,3.36,0.64,10.1,6.0
1141,7.0,0.57,0.02,2.0,0.072,17.0,26.0,3.36,0.61,10.2,5.0
1142,6.3,0.6,0.1,1.6,0.048,12.0,26.0,3.55,0.51,12.1,5.0
1143,11.2,0.4,0.5,2.0,0.099,19.0,50.0,3.1,0.58,10.4,5.0
1144,7.1,0.68,0.0,2.3,0.087,17.0,26.0,3.45,0.53,9.5,5.0
1145,7.1,0.67,0.0,2.3,0.083,18.0,27.0,3.44,0.54,9.4,5.0
1146,7.3,0.735,0.0,2.2,0.08,18.0,28.0,3.41,0.6,9.4,5.0
1147,6.6,0.855,0.02,2.4,0.062,15.0,23.0,3.54,0.6,11.0,6.0
1148,7.0,0.56,0.17,1.7,0.065,15.0,24.0,3.44,0.68,10.55,7.0
1149,6.6,0.88,0.04,2.2,0.066,12.0,20.0,3.53,0.56,9.9,5.0
1150,6.6,0.855,0.02,2.4,0.062,15.0,23.0,3.54,0.6,11.0,6.0
1151,7.2,0.695,0.13,2.0,0.076,12.0,20.0,3.29,0.54,10.1,5.0
1152,7.2,0.695,0.13,2.0,0.076,12.0,20.0,3.29,0.54,10.1,5.0
1153,7.2,0.695,0.13,2.0,0.076,12.0,20.0,3.29,0.54,10.1,5.0
1154,6.7,0.67,0.02,1.9,0.061,26.0,42.0,3.39,0.82,10.9,6.0
1155,6.7,0.16,0.64,2.1,0.059,24.0,52.0,3.34,0.71,11.2,6.0
1156,7.2,0.695,0.13,2.0,0.076,12.0,20.0,3.29,0.54,10.1,5.0
1157,7.0,0.56,0.13,1.6,0.077,25.0,42.0,3.34,0.59,9.2,5.0
1158,6.2,0.51,0.14,1.9,0.0559999999999999,15.0,34.0,3.48,0.57,11.5,6.0
1159,7.3,0.69,0.32,2.2,0.069,35.0,104.0,3.33,0.51,9.5,5.0
1160,6.0,0.58,0.2,2.4,0.075,15.0,50.0,3.58,0.67,12.5,6.0
1161,7.5,0.52,0.4,2.2,0.06,12.0,20.0,3.26,0.64,11.8,6.0
1162,8.0,0.3,0.63,1.6,0.081,16.0,29.0,3.3,0.78,10.8,6.0
1163,6.8,0.67,0.15,1.8,0.118,13.0,20.0,3.42,0.67,11.3,6.0
1164,6.2,0.56,0.09,1.7,0.053,24.0,32.0,3.54,0.6,11.3,5.0
1165,7.4,0.35,0.33,2.4,0.068,9.0,26.0,3.36,0.6,11.9,6.0
1166,6.2,0.56,0.09,1.7,0.053,24.0,32.0,3.54,0.6,11.3,5.0
1167,6.1,0.715,0.1,2.6,0.053,13.0,27.0,3.57,0.5,11.9,5.0
1168,6.2,0.46,0.29,2.1,0.074,32.0,98.0,3.33,0.62,9.8,5.0
1169,6.7,0.32,0.44,2.4,0.061,24.0,34.0,3.29,0.8,11.6,7.0
1170,7.2,0.39,0.44,2.6,0.066,22.0,48.0,3.3,0.84,11.5,6.0
1171,7.5,0.31,0.41,2.4,0.065,34.0,60.0,3.34,0.85,11.4,6.0
1172,5.8,0.61,0.11,1.8,0.066,18.0,28.0,3.55,0.66,10.9,6.0
1173,7.2,0.66,0.33,2.5,0.068,34.0,102.0,3.27,0.78,12.8,6.0
1174,6.3,0.55,0.15,1.8,0.077,26.0,35.0,3.32,0.82,11.6,6.0
1175,5.4,0.74,0.09,1.7,0.089,16.0,26.0,3.67,0.56,11.6,6.0
1176,6.3,0.51,0.13,2.3,0.076,29.0,40.0,3.42,0.75,11.0,6.0
1177,6.8,0.62,0.08,1.9,0.068,28.0,38.0,3.42,0.82,9.5,6.0
1178,6.2,0.6,0.08,2.0,0.09,32.0,44.0,3.45,0.58,10.5,5.0
1179,5.9,0.55,0.1,2.2,0.062,39.0,51.0,3.52,0.76,11.2,6.0
1180,6.3,0.51,0.13,2.3,0.076,29.0,40.0,3.42,0.75,11.0,6.0
1181,5.9,0.645,0.12,2.0,0.075,32.0,44.0,3.57,0.71,10.2,5.0
1182,6.0,0.31,0.47,3.6,0.067,18.0,42.0,3.39,0.66,11.0,6.0
